,date,store_name,store_id,total_signals,unique_visits,apple,tommy_helfinger,middle_income,student,addidas,retired,high_income,male,employed,low_income,job_seeking,bmw,mercedes-benz,female,h_&_m,honda
0,2021-01-04,McDonald's,place_1,1,1,0,0,1,0,0,0,0,1,0,0,0,0,0,0,0,0
1,2021-01-06,McDonald's,place_1,1,1,0,0,1,0,0,0,0,1,0,0,0,1,0,0,0,0
2,2021-01-08,McDonald's,place_1,1,1,0,0,0,0,0,0,0,1,0,1,0,0,0,0,0,0
3,2021-01-12,McDonald's,place_1,2,1,0,0,0,0,0,0,1,1,0,0,0,0,0,0,0,0
4,2021-01-16,McDonald's,place_1,1,1,0,0,1,0,0,0,0,1,0,0,0,0,0,0,0,0
5,2021-01-17,McDonald's,place_1,1,1,0,0,1,0,0,0,0,1,0,0,0,0,0,0,0,0
6,2021-01-03,McDonald's,place_10,1,1,0,0,1,0,0,0,0,1,0,0,0,0,0,0,0,0
7,2021-01-15,McDonald's,place_10,1,1,0,0,0,0,0,0,1,1,0,0,0,0,0,0,0,0
8,2021-01-17,McDonald's,place_10,1,1,0,0,1,0,0,0,0,1,0,0,0,0,0,0,0,0
9,2021-01-04,Aldi,place_101,1,1,0,0,1,0,0,0,0,1,0,0,0,1,0,0,0,0
10,2021-01-05,Aldi,place_101,1,1,0,1,0,0,0,0,0,1,0,1,0,0,0,0,0,0
11,2021-01-02,Aldi,place_102,3,1,0,0,0,0,1,0,1,1,0,0,0,0,0,0,0,0
12,2021-01-04,Aldi,place_102,1,1,1,0,1,0,0,0,0,1,0,0,0,0,0,0,0,0
13,2021-01-06,Aldi,place_102,2,2,0,0,2,0,0,0,0,2,0,0,0,0,0,0,0,0
14,2021-01-09,Aldi,place_102,1,1,1,0,0,0,0,0,0,1,0,1,0,0,0,0,0,0
15,2021-01-18,Aldi,place_102,1,1,0,0,1,0,0,0,0,1,0,0,0,0,0,0,0,0
16,2021-01-13,Aldi,place_103,1,1,0,0,0,0,0,0,0,1,0,1,0,0,0,0,0,0
17,2021-01-16,Aldi,place_103,2,2,0,0,0,0,0,0,0,2,0,2,0,0,0,0,0,0
18,2021-01-06,Aldi,place_105,1,1,0,0,0,0,0,0,1,1,0,0,0,0,0,0,0,0
19,2021-01-16,Aldi,place_105,1,1,0,0,1,1,0,0,0,1,0,0,0,0,0,0,0,0
20,2021-01-06,Aldi,place_106,1,1,0,0,1,0,1,0,0,1,0,0,0,0,0,0,0,0
21,2021-01-08,Aldi,place_106,1,1,0,0,1,0,0,0,0,1,0,0,0,0,1,0,0,0
22,2021-01-11,Aldi,place_106,1,1,0,0,1,0,0,1,0,1,0,0,0,0,0,0,0,0
23,2021-01-14,Aldi,place_106,2,1,0,0,0,0,0,0,1,1,0,0,0,0,1,0,0,0
24,2021-01-15,Aldi,place_106,3,2,0,0,2,0,1,0,0,2,0,0,0,0,0,0,0,0
25,2021-01-16,Aldi,place_106,1,1,0,0,0,0,0,0,0,1,0,1,0,1,0,0,0,0
26,2021-01-19,Aldi,place_106,1,1,0,0,0,0,0,0,0,1,0,1,0,0,0,0,0,0
27,2021-01-20,Aldi,place_106,2,2,0,0,2,0,1,1,0,2,0,0,0,0,0,0,0,0
28,2021-01-02,Aldi,place_107,1,1,0,0,1,0,0,0,0,1,0,0,0,0,0,0,0,0
29,2021-01-07,Aldi,place_107,1,1,0,0,1,0,0,0,0,1,0,0,0,0,0,0,0,1
30,2021-01-08,Aldi,place_107,1,1,0,0,0,0,0,0,1,1,0,0,0,0,0,0,0,0
31,2021-01-12,Aldi,place_107,2,2,0,0,0,0,0,0,2,2,0,0,1,0,0,0,0,0
32,2021-01-13,Aldi,place_107,2,2,0,1,0,0,0,0,1,2,0,1,0,0,0,0,0,0
33,2021-01-14,Aldi,place_107,2,1,0,0,0,0,0,0,1,1,0,0,0,0,0,0,0,0
34,2021-01-16,Aldi,place_107,2,2,0,0,1,0,0,0,0,1,0,1,0,0,0,1,0,0
35,2021-01-17,Aldi,place_107,1,1,0,0,0,1,0,0,0,1,0,1,0,0,0,0,0,1
36,2021-01-20,Aldi,place_107,1,1,0,0,1,0,0,0,0,0,0,0,0,0,0,1,0,0
37,2021-01-04,Aldi,place_108,1,1,0,1,0,0,0,0,0,1,1,1,0,0,0,0,0,1
38,2021-01-05,Aldi,place_108,1,1,1,0,1,0,0,0,0,1,0,0,0,0,0,0,0,0
39,2021-01-07,Aldi,place_108,1,1,0,0,0,0,0,0,1,1,0,0,0,0,0,0,0,0
40,2021-01-11,Aldi,place_108,1,1,0,0,0,0,0,0,0,1,0,1,0,0,0,0,0,0
41,2021-01-12,Aldi,place_108,1,1,0,0,1,0,0,0,0,1,0,0,0,0,0,0,0,0
42,2021-01-14,Aldi,place_108,2,1,0,0,1,0,1,0,0,1,0,0,0,0,0,0,0,1
43,2021-01-16,Aldi,place_108,1,1,0,0,1,0,0,0,0,1,0,0,1,0,0,0,0,0
44,2021-01-17,Aldi,place_108,1,1,0,0,1,0,0,0,0,1,0,0,0,1,0,0,0,0
45,2021-01-18,Aldi,place_108,2,2,0,0,2,0,1,0,0,2,0,0,0,0,0,0,0,1
46,2021-01-06,Aldi,place_109,1,1,0,0,1,0,0,0,0,1,0,0,0,0,1,0,0,0
47,2021-01-11,Aldi,place_109,1,1,0,0,0,0,0,0,0,1,0,1,0,1,0,0,0,0
48,2021-01-13,Aldi,place_109,3,1,0,0,1,0,0,0,0,1,0,0,0,0,0,0,0,1
49,2021-01-14,Aldi,place_109,1,1,0,0,1,0,0,0,0,1,0,0,0,0,0,0,0,1
50,2021-01-15,Aldi,place_109,5,2,0,0,1,0,0,0,1,2,0,0,0,0,0,0,0,1
51,2021-01-16,Aldi,place_109,1,1,0,0,1,0,0,0,0,1,0,0,0,0,0,0,0,1
52,2021-01-18,Aldi,place_109,1,1,0,0,1,0,0,0,0,1,0,0,0,0,0,0,0,1
53,2021-01-19,Aldi,place_109,3,1,0,0,1,0,0,0,0,1,0,0,0,0,0,0,0,1
54,2021-01-20,Aldi,place_109,4,1,0,0,1,0,0,0,0,1,0,0,0,0,0,0,0,1
55,2021-01-21,Aldi,place_109,2,1,0,0,1,0,0,0,0,1,0,0,0,0,0,0,0,1
56,2021-01-06,Aldi,place_111,3,2,0,0,0,0,0,0,2,2,0,0,0,0,0,0,0,0
57,2021-01-07,Aldi,place_111,1,1,0,0,1,0,0,0,0,1,0,0,0,0,0,0,0,0
58,2021-01-09,Aldi,place_111,3,1,0,0,1,0,0,0,0,1,1,0,0,0,0,0,0,0
59,2021-01-14,Aldi,place_111,1,1,0,0,1,0,0,1,0,1,1,0,0,0,0,0,0,0
60,2021-01-05,Aldi,place_113,1,1,0,0,1,0,0,0,0,1,0,0,0,0,0,0,0,0
61,2021-01-06,Aldi,place_113,1,1,0,0,0,0,0,0,1,1,0,0,0,0,0,0,0,0
62,2021-01-08,Aldi,place_113,1,1,0,0,1,0,0,1,0,1,1,0,1,0,0,0,0,0
63,2021-01-16,Aldi,place_113,2,2,0,0,2,0,0,0,0,2,0,0,0,1,0,0,0,0
64,2021-01-19,Aldi,place_113,1,1,0,0,1,0,0,0,0,1,0,0,1,0,0,0,0,0
65,2021-01-20,Aldi,place_113,1,1,0,0,1,0,0,0,0,1,0,0,0,0,0,0,0,0
66,2021-01-02,Aldi,place_114,2,2,0,0,2,1,0,0,0,2,0,0,0,0,0,0,0,1
67,2021-01-04,Aldi,place_114,1,1,0,0,1,0,0,0,0,1,0,0,0,0,0,0,0,0
68,2021-01-13,Aldi,place_115,1,1,0,0,0,0,0,1,1,1,0,0,0,0,0,0,0,0
69,2021-01-15,Aldi,place_115,1,1,0,0,1,0,0,0,0,1,0,0,0,0,1,0,0,0
70,2021-01-05,Aldi,place_116,1,1,0,0,1,0,0,0,0,1,0,0,0,0,0,0,1,1
71,2021-01-07,Aldi,place_116,1,1,0,0,0,0,0,0,1,1,0,0,0,1,1,0,0,0
72,2021-01-09,Aldi,place_116,1,1,0,0,1,0,0,1,0,1,0,0,0,0,0,0,0,0
73,2021-01-12,Aldi,place_116,1,1,0,0,1,0,0,0,0,1,0,0,0,0,0,0,0,0
74,2021-01-18,Aldi,place_116,1,1,0,0,1,0,0,0,0,1,0,0,0,0,0,0,0,0
75,2021-01-19,Aldi,place_116,2,2,0,0,2,0,0,0,0,2,0,0,0,1,0,0,1,1
76,2021-01-21,Aldi,place_116,1,1,0,0,0,0,0,0,1,1,0,0,0,0,1,0,0,0
77,2021-01-14,Aldi,place_117,1,1,0,0,1,0,0,0,0,1,0,0,0,1,0,0,0,0
78,2021-01-21,Aldi,place_117,1,1,0,0,0,0,0,0,0,1,0,1,0,0,0,0,0,0
79,2021-01-18,Aldi,place_118,1,1,0,0,0,0,0,0,0,1,0,1,0,0,0,0,0,0
80,2021-01-02,Aldi,place_119,1,1,1,0,0,0,0,0,0,1,0,1,1,0,0,0,0,0
81,2021-01-05,Aldi,place_119,2,2,0,0,1,1,0,0,0,2,0,1,0,0,0,0,0,0
82,2021-01-08,Aldi,place_119,1,1,0,0,1,0,0,0,0,1,0,0,0,0,0,0,0,0
83,2021-01-09,Aldi,place_119,3,2,0,0,1,0,0,1,0,2,0,1,0,0,0,0,1,0
84,2021-01-13,Aldi,place_119,1,1,0,0,1,0,0,1,0,1,0,0,0,0,0,0,0,0
85,2021-01-14,Aldi,place_119,3,1,0,0,0,0,0,0,0,1,0,1,0,0,0,0,0,0
86,2021-01-20,Aldi,place_119,2,1,1,0,1,0,0,0,0,1,0,0,0,0,0,0,0,0
87,2021-01-15,Aldi,place_120,2,2,1,0,2,0,0,0,0,2,0,0,0,0,0,0,0,0
88,2021-01-21,Aldi,place_120,1,1,0,0,1,0,0,0,0,1,0,0,0,0,0,0,0,0
89,2021-01-08,Aldi,place_121,1,1,0,0,1,0,0,0,0,1,0,0,0,0,0,0,0,0
90,2021-01-09,Aldi,place_121,1,1,0,0,1,0,1,0,0,1,0,0,0,0,1,0,0,0
91,2021-01-11,Aldi,place_121,3,1,0,0,1,0,0,0,0,1,0,0,0,0,0,0,0,0
92,2021-01-08,Aldi,place_123,1,1,0,0,1,0,0,0,0,1,1,0,0,0,0,0,0,0
93,2021-01-11,Aldi,place_123,1,1,1,0,1,0,0,0,0,0,0,0,0,1,0,1,0,0
94,2021-01-12,Aldi,place_123,3,1,0,0,0,0,0,0,0,1,0,1,0,0,0,0,0,0
95,2021-01-14,Aldi,place_123,2,1,0,0,0,0,1,0,0,1,0,1,0,0,0,0,0,0
96,2021-01-15,Aldi,place_123,1,1,0,0,0,0,0,0,1,1,0,0,0,0,0,0,0,1
97,2021-01-16,Aldi,place_123,1,1,0,0,1,0,0,0,0,1,0,0,0,0,0,0,0,0
98,2021-01-18,Aldi,place_123,1,1,0,0,1,1,0,0,0,1,0,0,0,0,1,0,0,0
99,2021-01-19,Aldi,place_123,1,1,0,0,0,0,0,0,0,1,0,1,0,0,0,0,0,0
100,2021-01-04,Aldi,place_124,1,1,0,0,1,0,0,0,0,1,0,0,0,1,0,0,0,0
101,2021-01-09,Aldi,place_124,2,2,0,0,2,0,0,1,0,2,0,0,0,0,0,0,0,0
102,2021-01-14,Aldi,place_124,1,1,0,0,1,0,0,0,0,1,0,0,0,0,0,0,0,0
103,2021-01-15,Aldi,place_124,1,1,0,0,1,0,1,0,0,1,0,0,0,0,0,0,0,0
104,2021-01-06,Aldi,place_125,1,1,0,0,1,0,0,0,0,1,0,0,0,0,0,0,0,0
105,2021-01-08,Aldi,place_125,9,1,0,0,1,0,0,0,0,1,0,0,0,0,0,0,0,0
106,2021-01-09,Aldi,place_125,3,1,0,0,0,0,0,0,0,1,0,1,0,0,0,0,0,0
107,2021-01-15,Aldi,place_125,1,1,0,0,0,0,0,0,0,1,0,1,0,0,0,0,0,0
108,2021-01-19,Aldi,place_125,1,1,1,0,0,0,0,0,0,1,0,1,0,0,0,0,0,0
109,2021-01-02,Aldi,place_127,1,1,0,0,1,0,0,0,0,1,0,0,0,0,0,0,0,0
110,2021-01-09,Aldi,place_127,2,1,1,0,1,0,0,1,0,1,0,0,0,0,0,0,0,0
111,2021-01-16,Aldi,place_127,1,1,0,0,1,0,0,0,0,1,0,0,0,1,0,0,0,0
112,2021-01-07,Aldi,place_129,1,1,0,0,1,0,0,0,0,1,0,0,1,0,0,0,0,0
113,2021-01-18,Aldi,place_129,1,1,0,0,1,0,0,0,0,0,0,0,0,0,0,1,0,0
114,2021-01-19,Aldi,place_129,1,1,0,0,1,0,0,0,0,1,0,0,0,0,0,0,0,0
115,2021-01-02,McDonald's,place_13,2,1,0,0,0,0,0,0,1,1,0,0,0,0,1,0,0,0
116,2021-01-05,McDonald's,place_13,1,1,0,0,0,0,1,0,1,1,0,0,0,0,0,0,0,0
117,2021-01-06,McDonald's,place_13,1,1,0,0,0,0,0,0,1,1,0,0,0,0,0,0,0,0
118,2021-01-10,McDonald's,place_13,3,1,0,0,1,0,0,0,0,1,0,0,0,0,0,0,0,0
119,2021-01-12,McDonald's,place_13,2,1,0,0,1,0,0,0,0,1,0,0,0,0,0,0,0,0
120,2021-01-18,McDonald's,place_13,2,1,0,0,0,0,0,0,1,1,0,0,0,0,1,0,0,0
121,2021-01-02,Aldi,place_130,2,1,0,0,1,1,0,0,0,1,0,0,0,0,1,0,1,0
122,2021-01-04,Aldi,place_130,1,1,0,0,1,0,0,0,0,1,0,0,0,1,0,0,0,1
123,2021-01-16,Aldi,place_130,1,1,0,0,1,0,0,0,0,1,0,0,0,0,0,0,0,0
124,2021-01-18,Aldi,place_130,1,1,0,0,1,0,0,0,0,1,0,0,0,0,0,0,0,0
125,2021-01-21,Aldi,place_130,1,1,0,0,1,0,0,0,0,1,0,0,0,0,0,0,0,1
126,2021-01-06,Aldi,place_131,2,2,0,0,2,0,0,0,0,2,0,0,0,0,0,0,0,0
127,2021-01-14,Aldi,place_131,1,1,0,0,1,0,0,0,0,1,0,0,0,0,0,0,0,0
128,2021-01-16,Aldi,place_131,2,1,0,0,1,0,0,0,0,1,0,0,0,0,0,0,0,0
129,2021-01-05,Aldi,place_132,2,1,0,0,1,0,0,0,0,1,0,0,0,0,0,0,0,0
130,2021-01-06,Aldi,place_132,2,1,0,0,1,0,0,0,0,1,0,0,0,0,0,0,0,0
131,2021-01-08,Aldi,place_132,4,1,0,0,1,0,0,0,0,1,0,0,0,0,0,0,0,0
132,2021-01-09,Aldi,place_132,2,1,0,0,1,0,0,0,0,1,0,0,0,0,0,0,0,0
133,2021-01-12,Aldi,place_132,3,2,0,0,1,0,0,0,0,2,0,1,0,0,0,0,0,0
134,2021-01-14,Aldi,place_132,3,2,0,0,1,0,0,0,0,2,0,1,0,0,0,0,0,1
135,2021-01-18,Aldi,place_132,2,1,0,0,1,0,0,0,0,1,0,0,0,0,0,0,0,0
136,2021-01-19,Aldi,place_132,1,1,0,0,1,0,0,0,0,1,0,0,0,0,0,0,0,0
137,2021-01-20,Aldi,place_132,1,1,0,0,1,0,0,0,0,1,0,0,0,0,0,0,0,0
138,2021-01-21,Aldi,place_132,4,1,0,0,1,0,0,0,0,1,0,0,0,0,0,0,0,0
139,2021-01-06,Aldi,place_134,4,1,0,0,1,0,0,0,0,1,0,0,0,0,0,0,0,0
140,2021-01-04,Aldi,place_135,6,2,0,0,0,0,0,0,1,2,0,1,0,0,1,0,0,0
141,2021-01-05,Aldi,place_135,2,2,0,0,2,0,1,0,0,2,0,0,0,0,1,0,0,0
142,2021-01-07,Aldi,place_135,4,3,0,0,3,0,0,1,0,3,0,0,0,0,1,0,0,1
143,2021-01-08,Aldi,place_135,3,2,0,0,0,0,0,1,1,2,0,1,0,0,0,0,0,0
144,2021-01-09,Aldi,place_135,2,2,0,0,2,0,0,0,0,2,0,0,0,0,0,0,1,0
145,2021-01-11,Aldi,place_135,6,3,0,0,1,0,0,0,2,3,0,0,1,0,0,0,1,1
146,2021-01-12,Aldi,place_135,2,2,0,1,0,0,0,0,1,2,0,1,0,0,0,0,0,0
147,2021-01-15,Aldi,place_135,4,3,0,0,2,0,0,0,0,3,0,1,0,0,0,0,0,0
148,2021-01-16,Aldi,place_135,1,1,0,0,0,0,0,0,1,1,0,0,0,0,0,0,0,0
149,2021-01-18,Aldi,place_135,2,2,0,0,1,1,0,0,0,1,0,0,0,0,0,1,0,0
150,2021-01-05,Aldi,place_136,2,1,1,0,1,0,0,0,0,1,0,0,0,0,0,0,0,0
151,2021-01-07,Aldi,place_136,2,1,0,0,0,0,0,0,0,1,0,1,0,0,0,0,0,0
152,2021-01-11,Aldi,place_136,2,2,0,0,1,0,0,0,1,2,0,0,0,0,0,0,0,0
153,2021-01-16,Aldi,place_136,1,1,0,1,1,0,0,0,0,1,0,0,0,0,0,0,0,1
154,2021-01-19,Aldi,place_136,2,1,0,0,1,0,0,0,0,1,0,0,0,0,0,0,0,0
155,2021-01-02,Rewe,place_138,4,4,0,0,3,0,1,0,1,4,1,0,1,0,0,0,0,0
156,2021-01-04,Rewe,place_138,3,3,0,0,1,0,0,0,0,3,0,2,0,0,0,0,0,0
157,2021-01-05,Rewe,place_138,7,4,0,0,2,0,0,0,2,4,1,0,0,0,0,0,0,0
158,2021-01-07,Rewe,place_138,4,3,0,0,2,0,0,0,1,3,1,0,0,0,0,0,0,0
159,2021-01-08,Rewe,place_138,2,2,0,0,2,0,1,0,0,2,0,0,1,0,0,0,0,0
160,2021-01-09,Rewe,place_138,10,4,0,0,3,0,0,0,1,4,1,0,1,0,0,0,0,1
161,2021-01-11,Rewe,place_138,1,1,0,0,0,0,0,0,1,1,1,0,0,0,0,0,0,0
162,2021-01-13,Rewe,place_138,3,1,0,0,0,0,0,0,1,1,1,0,0,0,0,0,0,0
163,2021-01-15,Rewe,place_138,4,1,0,0,0,0,0,0,1,1,1,0,0,0,0,0,0,0
164,2021-01-16,Rewe,place_138,4,4,0,0,3,0,0,1,0,3,0,1,0,0,1,1,0,1
165,2021-01-18,Rewe,place_138,3,3,0,0,2,0,1,0,1,3,1,0,0,0,0,0,0,0
166,2021-01-19,Rewe,place_138,1,1,0,0,1,0,0,0,0,1,0,0,0,0,0,0,0,0
167,2021-01-20,Rewe,place_138,6,1,0,0,0,0,0,0,1,1,1,0,0,0,0,0,0,0
168,2021-01-21,Rewe,place_138,2,1,0,0,0,0,0,0,1,1,1,0,0,0,0,0,0,0
169,2021-01-02,Rewe,place_139,1,1,0,0,0,0,0,0,1,1,0,0,0,0,0,0,0,0
170,2021-01-13,Rewe,place_139,1,1,0,0,0,1,0,0,0,1,0,1,0,0,0,0,0,1
171,2021-01-09,McDonald's,place_14,1,1,0,0,1,0,0,0,0,1,0,0,0,1,0,0,0,0
172,2021-01-11,McDonald's,place_14,2,1,0,0,1,0,0,0,0,0,0,0,0,0,1,1,0,0
173,2021-01-13,McDonald's,place_14,3,1,0,0,1,0,0,0,0,1,0,0,0,0,0,0,0,0
174,2021-01-17,McDonald's,place_14,1,1,0,0,0,0,0,0,0,1,0,1,0,0,0,0,0,0
175,2021-01-08,Rewe,place_140,1,1,0,0,1,0,0,0,0,1,0,0,0,0,0,0,0,0
176,2021-01-09,Rewe,place_140,1,1,0,0,0,0,0,0,1,0,0,0,0,0,0,1,0,0
177,2021-01-10,Rewe,place_140,2,1,0,0,0,1,0,0,0,1,0,1,0,0,0,0,0,0
178,2021-01-16,Rewe,place_140,1,1,0,0,1,0,0,0,0,1,0,0,0,0,0,0,0,0
179,2021-01-19,Rewe,place_140,2,1,0,0,1,0,0,0,0,1,0,0,0,0,0,0,0,0
180,2021-01-21,Rewe,place_140,2,2,0,0,1,1,0,0,0,2,0,1,0,0,0,0,0,0
181,2021-01-01,Rewe,place_141,1,1,0,0,0,0,0,0,1,1,0,0,0,0,0,0,0,0
182,2021-01-02,Rewe,place_141,2,2,0,0,2,0,0,0,0,2,0,0,0,0,0,0,0,1
183,2021-01-04,Rewe,place_141,1,1,0,0,1,0,0,0,0,1,0,0,0,0,0,0,0,0
184,2021-01-05,Rewe,place_141,1,1,0,0,1,1,0,0,0,1,0,0,0,0,0,0,0,0
185,2021-01-07,Rewe,place_141,2,2,0,0,0,1,0,0,2,2,0,0,0,1,1,0,0,1
186,2021-01-08,Rewe,place_141,2,2,0,0,1,0,0,0,0,2,0,1,0,0,0,0,0,1
187,2021-01-09,Rewe,place_141,1,1,0,0,1,0,0,0,0,1,0,0,0,0,0,0,0,0
188,2021-01-12,Rewe,place_141,5,4,0,0,1,0,0,0,2,4,0,1,0,0,1,0,1,0
189,2021-01-14,Rewe,place_141,2,2,0,0,2,0,0,0,0,2,1,0,0,0,0,0,0,2
190,2021-01-19,Rewe,place_141,1,1,0,0,1,0,1,0,0,1,0,0,0,0,0,0,0,1
191,2021-01-21,Rewe,place_141,1,1,0,0,0,0,0,0,0,0,0,0,0,0,0,1,0,0
192,2021-01-02,Rewe,place_144,2,1,0,0,1,0,0,0,0,1,0,0,1,0,0,0,0,0
193,2021-01-07,Rewe,place_144,1,1,0,0,1,0,0,0,0,1,0,0,1,0,0,0,0,0
194,2021-01-09,Rewe,place_144,3,2,0,0,2,0,0,0,0,2,0,0,0,1,1,0,0,0
195,2021-01-11,Rewe,place_144,1,1,0,0,1,0,0,0,0,1,0,0,1,0,0,0,0,0
196,2021-01-12,Rewe,place_144,1,1,0,0,1,0,0,0,0,1,0,0,0,1,0,0,0,0
197,2021-01-13,Rewe,place_144,1,1,0,0,1,0,0,0,0,1,0,0,0,0,0,0,0,0
198,2021-01-14,Rewe,place_144,3,1,0,0,1,0,0,0,0,1,0,0,0,0,0,0,0,0
199,2021-01-15,Rewe,place_144,1,1,0,0,1,0,0,0,0,1,0,0,1,0,0,0,0,0
200,2021-01-20,Rewe,place_144,1,1,0,0,1,0,0,0,0,1,0,0,1,0,0,0,0,0
201,2021-01-05,Rewe,place_145,1,1,0,0,0,0,0,0,0,1,0,1,0,0,1,0,0,0
202,2021-01-06,Rewe,place_145,1,1,0,0,1,0,0,1,0,1,0,0,0,0,0,0,0,0
203,2021-01-10,Rewe,place_145,1,1,0,0,0,0,0,0,0,1,0,1,0,0,0,0,0,0
204,2021-01-11,Rewe,place_145,1,1,0,0,1,0,0,0,0,1,0,0,0,0,0,0,0,0
205,2021-01-12,Rewe,place_145,2,2,0,1,1,1,0,0,1,2,0,0,0,1,0,0,0,0
206,2021-01-13,Rewe,place_145,1,1,0,0,1,1,0,0,0,1,0,0,0,0,0,0,0,0
207,2021-01-14,Rewe,place_145,1,1,0,0,1,0,0,0,0,1,0,0,0,0,1,0,0,1
208,2021-01-15,Rewe,place_145,2,2,0,1,0,0,0,1,1,2,0,1,0,1,0,0,0,0
209,2021-01-16,Rewe,place_145,1,1,0,0,1,1,0,0,0,1,0,0,0,0,0,0,0,0
210,2021-01-21,Rewe,place_145,3,1,0,0,0,0,0,0,0,1,0,1,0,0,1,0,0,0
211,2021-01-02,Rewe,place_146,2,2,1,0,2,0,0,0,0,2,0,0,0,0,0,0,1,0
212,2021-01-04,Rewe,place_146,1,1,0,0,0,0,0,0,1,1,0,0,0,0,0,0,0,0
213,2021-01-07,Rewe,place_146,1,1,0,0,1,0,0,0,0,1,0,0,0,0,0,0,0,0
214,2021-01-15,Rewe,place_146,3,2,1,0,2,0,0,0,0,1,0,0,0,0,0,1,0,0
215,2021-01-20,Rewe,place_146,1,1,0,0,1,0,1,0,0,1,0,0,0,0,0,0,0,0
216,2021-01-01,Rewe,place_148,2,1,0,0,1,0,0,0,0,1,0,0,1,0,0,0,0,1
217,2021-01-02,Rewe,place_148,2,1,0,0,1,0,0,0,0,1,0,0,0,0,0,0,0,0
218,2021-01-05,Rewe,place_148,4,3,1,0,3,0,1,0,0,3,0,0,0,0,0,0,0,0
219,2021-01-06,Rewe,place_148,2,2,0,0,2,0,0,0,0,2,0,0,1,0,0,0,0,1
220,2021-01-08,Rewe,place_148,1,1,0,0,0,1,1,0,0,1,0,1,0,0,0,0,0,0
221,2021-01-09,Rewe,place_148,4,4,1,0,3,0,0,0,1,4,0,0,1,1,0,0,0,1
222,2021-01-11,Rewe,place_148,4,3,0,0,2,1,0,0,0,3,0,1,0,0,0,0,0,0
223,2021-01-12,Rewe,place_148,1,1,0,0,1,0,1,0,0,1,0,0,0,0,0,0,0,0
224,2021-01-13,Rewe,place_148,1,1,0,0,1,0,0,0,0,1,0,0,0,0,1,0,0,0
225,2021-01-14,Rewe,place_148,3,3,1,0,1,0,0,0,1,3,0,1,0,1,0,0,0,1
226,2021-01-15,Rewe,place_148,1,1,0,0,1,0,0,0,0,1,0,0,0,0,0,0,0,0
227,2021-01-18,Rewe,place_148,2,1,0,0,1,0,0,0,0,1,0,0,1,0,0,0,0,1
228,2021-01-19,Rewe,place_148,3,3,1,1,2,0,0,0,1,3,0,0,0,0,0,0,0,0
229,2021-01-20,Rewe,place_148,1,1,0,0,1,0,0,0,0,1,0,0,0,0,0,0,1,1
230,2021-01-12,Rewe,place_149,3,3,1,1,3,1,0,0,0,3,0,0,0,0,0,0,0,0
231,2021-01-19,Rewe,place_149,1,1,1,0,0,0,0,0,0,1,0,1,1,0,0,0,0,0
232,2021-01-21,Rewe,place_149,1,1,0,0,0,0,0,0,1,1,1,0,0,0,1,0,0,0
233,2021-01-05,McDonald's,place_15,1,1,0,0,1,0,0,0,0,1,0,0,0,1,0,0,0,0
234,2021-01-08,McDonald's,place_15,3,1,0,0,1,0,0,0,0,0,0,0,0,0,0,1,0,1
235,2021-01-10,McDonald's,place_15,1,1,0,0,1,1,0,0,0,1,0,0,0,0,0,0,0,0
236,2021-01-11,McDonald's,place_15,2,1,0,0,1,0,0,0,0,0,0,0,0,0,0,1,0,0
237,2021-01-13,McDonald's,place_15,1,1,0,1,1,0,0,0,0,1,0,0,0,0,0,0,0,0
238,2021-01-14,McDonald's,place_15,1,1,0,0,1,0,0,0,0,1,0,0,0,1,0,0,0,0
239,2021-01-15,McDonald's,place_15,3,1,0,0,1,0,0,0,0,1,0,0,0,1,0,0,0,0
240,2021-01-18,McDonald's,place_15,3,2,0,0,1,0,0,0,1,2,0,0,0,1,0,0,0,0
241,2021-01-04,Rewe,place_151,1,1,0,0,1,0,1,0,0,1,0,0,0,0,0,0,1,0
242,2021-01-08,Rewe,place_151,2,1,0,1,1,0,1,0,0,1,0,0,0,0,0,0,0,0
243,2021-01-09,Rewe,place_151,2,2,1,0,2,0,0,0,0,1,0,0,0,0,0,1,0,0
244,2021-01-14,Rewe,place_151,1,1,0,0,1,0,0,0,0,1,0,0,0,0,0,0,0,0
245,2021-01-15,Rewe,place_151,3,2,0,1,1,0,1,0,1,2,0,0,0,0,0,0,0,0
246,2021-01-16,Rewe,place_151,1,1,0,0,1,0,0,0,0,0,0,0,0,0,0,1,0,0
247,2021-01-17,Rewe,place_151,1,1,0,0,0,0,0,0,1,1,0,0,0,0,0,0,0,0
248,2021-01-19,Rewe,place_151,1,1,0,0,1,0,0,0,0,1,0,0,1,0,0,0,0,0
249,2021-01-20,Rewe,place_151,1,1,0,1,1,0,1,0,0,1,0,0,0,0,0,0,0,0
250,2021-01-21,Rewe,place_151,2,2,0,0,1,0,0,0,0,2,1,1,0,1,0,0,0,0
251,2021-01-09,Rewe,place_152,1,1,0,1,1,0,0,0,0,1,0,0,0,0,0,0,0,0
252,2021-01-16,Rewe,place_152,1,1,0,0,1,0,0,0,0,1,0,0,0,0,0,0,0,0
253,2021-01-19,Rewe,place_152,1,1,0,0,1,0,0,0,0,1,0,0,0,0,0,0,0,0
254,2021-01-02,Rewe,place_153,2,2,0,0,2,0,0,1,0,2,0,0,0,0,0,0,0,0
255,2021-01-04,Rewe,place_153,1,1,0,0,1,1,0,0,0,1,0,0,0,0,0,0,0,0
256,2021-01-05,Rewe,place_153,1,1,0,0,0,0,0,0,1,1,0,0,1,0,0,0,0,0
257,2021-01-07,Rewe,place_153,4,2,0,0,0,0,0,0,0,2,0,2,0,0,0,0,0,1
258,2021-01-08,Rewe,place_153,1,1,0,0,1,0,0,0,0,1,0,0,0,0,0,0,0,0
259,2021-01-09,Rewe,place_153,2,2,0,0,2,0,0,0,0,2,0,0,0,0,0,0,0,0
260,2021-01-11,Rewe,place_153,3,1,1,0,1,0,1,0,0,1,0,0,0,0,0,0,0,0
261,2021-01-14,Rewe,place_153,3,1,0,0,1,0,0,0,0,1,0,0,0,0,1,0,0,1
262,2021-01-15,Rewe,place_153,1,1,0,0,1,0,0,0,0,1,0,0,0,0,0,0,1,0
263,2021-01-16,Rewe,place_153,1,1,0,0,1,0,0,0,0,1,0,0,0,0,0,0,0,0
264,2021-01-18,Rewe,place_153,4,2,0,0,1,0,0,0,0,2,1,1,1,0,0,0,0,0
265,2021-01-02,Rewe,place_154,1,1,0,0,0,0,0,1,1,1,0,0,0,0,0,0,0,0
266,2021-01-04,Rewe,place_154,1,1,0,0,1,0,0,1,0,1,0,0,0,0,0,0,0,0
267,2021-01-06,Rewe,place_154,5,2,1,0,1,0,0,0,1,2,0,0,0,0,0,0,0,0
268,2021-01-07,Rewe,place_154,1,1,0,0,1,0,0,0,0,1,0,0,0,0,1,0,0,0
269,2021-01-08,Rewe,place_154,3,3,0,0,2,0,0,0,0,2,0,1,0,0,0,1,0,0
270,2021-01-09,Rewe,place_154,1,1,1,0,0,0,0,0,1,1,0,0,0,0,0,0,0,0
271,2021-01-11,Rewe,place_154,1,1,0,0,1,0,0,0,0,1,0,0,0,0,0,0,0,0
272,2021-01-12,Rewe,place_154,3,2,0,0,2,0,0,0,0,2,0,0,1,0,1,0,0,0
273,2021-01-13,Rewe,place_154,1,1,1,0,1,0,0,0,0,1,0,0,0,0,0,0,0,0
274,2021-01-14,Rewe,place_154,5,3,0,0,2,2,0,0,1,3,0,0,0,1,1,0,0,0
275,2021-01-16,Rewe,place_154,2,1,1,0,1,0,0,0,0,1,0,0,0,0,0,0,0,0
276,2021-01-18,Rewe,place_154,2,2,0,0,2,0,1,0,0,2,0,0,1,0,0,0,0,0
277,2021-01-19,Rewe,place_154,2,1,0,0,1,0,0,0,0,1,0,0,0,0,1,0,0,0
278,2021-01-21,Rewe,place_154,3,2,0,0,1,1,0,0,1,2,0,0,0,0,1,0,0,0
279,2021-01-02,Rewe,place_156,2,1,0,0,1,0,1,0,0,1,0,0,0,0,0,0,0,0
280,2021-01-06,Rewe,place_156,1,1,1,0,1,0,0,1,0,0,0,0,0,0,0,1,0,0
281,2021-01-07,Rewe,place_156,3,1,0,0,1,0,1,0,0,1,0,0,0,0,0,0,0,0
282,2021-01-09,Rewe,place_156,3,1,0,0,1,0,0,0,0,1,0,0,0,0,0,0,0,0
283,2021-01-11,Rewe,place_156,1,1,0,0,0,0,0,0,0,1,1,1,0,0,0,0,0,0
284,2021-01-14,Rewe,place_156,1,1,0,0,1,0,1,0,0,1,0,0,0,0,0,0,0,0
285,2021-01-16,Rewe,place_156,4,2,0,0,1,0,1,0,0,2,1,1,0,0,0,0,0,0
286,2021-01-18,Rewe,place_156,1,1,0,0,0,1,0,0,0,1,1,1,0,0,0,0,0,0
287,2021-01-19,Rewe,place_156,1,1,0,0,0,0,0,0,0,1,1,1,0,0,0,0,0,0
288,2021-01-21,Rewe,place_156,2,1,0,0,1,0,1,0,0,1,0,0,0,0,0,0,0,0
289,2021-01-04,Rewe,place_157,1,1,0,0,0,0,0,1,1,1,0,0,0,0,0,0,0,0
290,2021-01-08,Rewe,place_157,1,1,0,1,0,0,0,0,0,1,0,1,0,0,0,0,0,0
291,2021-01-09,Rewe,place_157,1,1,0,0,0,0,0,0,1,1,0,0,0,0,0,0,0,0
292,2021-01-11,Rewe,place_157,2,2,0,0,2,0,0,0,0,2,0,0,0,0,0,0,0,0
293,2021-01-12,Rewe,place_157,1,1,0,0,1,0,0,0,0,0,0,0,0,0,0,1,0,1
294,2021-01-13,Rewe,place_157,2,1,0,0,0,0,0,1,1,1,0,0,0,0,0,0,0,0
295,2021-01-15,Rewe,place_157,2,1,0,0,1,0,0,0,0,1,0,0,0,0,0,0,0,0
296,2021-01-16,Rewe,place_157,3,3,0,1,1,0,0,0,0,3,0,2,0,1,0,0,0,0
297,2021-01-18,Rewe,place_157,1,1,0,0,1,0,0,0,0,1,0,0,0,0,0,0,0,0
298,2021-01-09,Rewe,place_158,3,3,0,1,0,0,1,0,1,3,0,2,0,0,0,0,0,0
299,2021-01-11,Rewe,place_158,2,2,0,0,1,0,0,0,0,2,0,1,0,0,0,0,0,0
300,2021-01-15,Rewe,place_158,5,3,0,0,1,0,0,0,0,3,0,2,0,0,0,0,0,0
301,2021-01-18,Rewe,place_158,2,2,0,1,0,0,0,0,1,2,0,1,0,0,0,0,0,1
302,2021-01-19,Rewe,place_158,4,2,0,0,2,0,0,0,0,2,0,0,0,0,0,0,0,0
303,2021-01-21,Rewe,place_158,1,1,0,0,1,0,0,0,0,1,0,0,0,0,0,0,0,0
304,2021-01-04,Rewe,place_159,3,3,0,0,3,0,0,0,0,3,0,0,0,0,0,0,0,1
305,2021-01-05,Rewe,place_159,3,2,0,0,1,0,0,0,0,2,0,1,0,0,0,0,0,0
306,2021-01-06,Rewe,place_159,3,3,0,0,1,1,0,0,0,2,0,2,1,0,0,1,0,1
307,2021-01-07,Rewe,place_159,5,3,0,0,1,1,0,0,0,2,0,2,0,0,0,1,0,1
308,2021-01-08,Rewe,place_159,5,2,0,0,1,1,0,0,0,1,0,1,0,0,0,1,0,1
309,2021-01-09,Rewe,place_159,4,3,0,0,2,1,0,0,0,1,0,1,0,0,0,2,0,1
310,2021-01-11,Rewe,place_159,8,3,0,0,2,1,0,0,0,2,0,1,0,1,0,1,0,1
311,2021-01-12,Rewe,place_159,3,2,0,0,1,1,0,0,0,1,0,1,0,0,0,1,0,1
312,2021-01-13,Rewe,place_159,6,1,0,0,0,1,0,0,0,0,0,1,0,0,0,1,0,0
313,2021-01-14,Rewe,place_159,4,2,0,0,1,1,0,0,0,1,0,1,0,0,0,1,0,1
314,2021-01-15,Rewe,place_159,3,1,0,0,1,0,0,0,0,1,0,0,0,0,0,0,0,0
315,2021-01-16,Rewe,place_159,5,2,0,0,1,1,0,0,0,1,0,1,0,0,0,1,0,1
316,2021-01-17,Rewe,place_159,1,1,0,0,0,1,0,0,0,0,0,1,0,0,0,1,0,0
317,2021-01-18,Rewe,place_159,2,2,0,0,1,1,0,0,0,1,0,1,0,0,0,1,0,1
318,2021-01-19,Rewe,place_159,1,1,0,0,1,0,0,0,0,1,0,0,0,0,0,0,0,1
319,2021-01-20,Rewe,place_159,1,1,0,0,1,0,0,0,0,1,0,0,0,0,0,0,0,1
320,2021-01-21,Rewe,place_159,2,2,0,0,2,0,0,0,0,2,0,0,0,0,0,0,0,1
321,2021-01-04,Rewe,place_160,2,2,0,0,1,1,0,0,0,2,0,1,0,1,1,0,0,0
322,2021-01-05,Rewe,place_160,1,1,0,0,0,0,0,0,0,1,0,1,0,1,1,0,0,0
323,2021-01-06,Rewe,place_160,3,3,0,0,0,1,0,0,0,3,0,3,1,0,0,0,0,1
324,2021-01-07,Rewe,place_160,2,1,0,0,0,0,0,0,0,1,0,1,0,1,1,0,0,0
325,2021-01-08,Rewe,place_160,1,1,0,0,0,0,0,0,0,1,0,1,0,1,1,0,0,0
326,2021-01-09,Rewe,place_160,1,1,0,0,0,0,0,0,0,1,0,1,0,1,1,0,0,0
327,2021-01-11,Rewe,place_160,11,1,0,0,0,0,0,0,0,1,0,1,0,1,1,0,0,0
328,2021-01-12,Rewe,place_160,2,2,1,0,1,0,0,0,0,2,0,1,0,1,1,0,1,0
329,2021-01-13,Rewe,place_160,1,1,0,0,1,0,0,0,0,1,0,0,0,0,0,0,0,0
330,2021-01-14,Rewe,place_160,4,2,0,0,1,0,0,0,0,2,0,1,0,2,1,0,0,0
331,2021-01-15,Rewe,place_160,5,5,1,0,3,0,0,1,1,5,0,1,1,1,1,0,0,0
332,2021-01-16,Rewe,place_160,2,2,0,0,2,0,0,0,0,2,0,0,2,0,0,0,0,0
333,2021-01-19,Rewe,place_160,4,1,0,0,0,0,0,0,0,1,0,1,0,1,1,0,0,0
334,2021-01-20,Rewe,place_160,1,1,0,0,1,0,0,0,0,1,0,0,0,0,0,0,0,1
335,2021-01-21,Rewe,place_160,1,1,0,0,0,0,0,0,0,1,0,1,0,0,0,0,0,0
336,2021-01-01,Rewe,place_161,1,1,0,0,1,0,0,0,0,1,0,0,0,0,0,0,0,0
337,2021-01-04,Rewe,place_161,4,1,0,0,1,1,0,0,0,1,0,0,0,0,0,0,0,0
338,2021-01-06,Rewe,place_161,1,1,0,0,1,0,0,0,0,1,0,0,0,0,0,0,0,0
339,2021-01-08,Rewe,place_161,1,1,0,0,0,0,0,0,0,1,0,1,0,0,0,0,0,0
340,2021-01-15,Rewe,place_161,1,1,0,0,0,0,0,0,1,1,0,0,0,0,0,0,0,0
341,2021-01-18,Rewe,place_161,3,2,0,0,0,0,0,0,0,2,1,2,0,0,0,0,0,0
342,2021-01-19,Rewe,place_161,2,2,0,0,2,0,1,0,0,2,0,0,0,0,0,0,0,1
343,2021-01-21,Rewe,place_161,1,1,0,0,1,0,0,0,0,1,0,0,0,0,0,0,0,0
344,2021-01-04,Rewe,place_162,1,1,0,0,0,0,0,0,0,1,0,1,0,0,0,0,0,0
345,2021-01-05,Rewe,place_162,1,1,0,0,0,0,0,0,0,1,0,1,0,1,0,0,1,0
346,2021-01-06,Rewe,place_162,1,1,1,0,1,0,0,0,0,1,0,0,0,0,0,0,0,0
347,2021-01-14,Rewe,place_162,2,2,0,0,0,0,0,0,1,2,1,1,0,0,1,0,0,0
348,2021-01-16,Rewe,place_162,1,1,0,0,1,1,0,0,0,1,0,0,0,0,0,0,0,0
349,2021-01-20,Rewe,place_162,1,1,0,0,1,0,0,0,0,1,0,0,0,0,1,0,0,0
350,2021-01-13,Rewe,place_163,1,1,1,0,0,0,0,0,0,0,0,1,0,0,0,1,0,1
351,2021-01-17,Rewe,place_163,1,1,0,0,0,0,0,0,1,1,0,0,0,0,0,0,0,0
352,2021-01-02,Rewe,place_164,1,1,0,0,0,0,0,0,0,1,0,1,0,0,0,0,1,0
353,2021-01-04,Rewe,place_164,1,1,0,0,1,0,0,0,0,1,0,0,0,0,0,0,0,1
354,2021-01-08,Rewe,place_164,1,1,0,0,1,0,0,0,0,1,0,0,0,0,0,0,0,0
355,2021-01-09,Rewe,place_164,1,1,0,0,1,0,0,0,0,1,0,0,0,0,0,0,0,0
356,2021-01-11,Rewe,place_164,1,1,0,0,1,0,0,0,0,1,0,0,0,0,0,0,0,0
357,2021-01-12,Rewe,place_164,1,1,0,0,0,1,0,0,0,1,0,1,0,0,0,0,0,0
358,2021-01-18,Rewe,place_164,1,1,0,0,1,0,1,0,0,1,0,0,0,0,0,0,0,0
359,2021-01-21,Rewe,place_164,1,1,0,0,0,0,0,0,0,1,0,1,0,0,0,0,0,0
360,2021-01-08,Rewe,place_165,1,1,0,0,1,0,0,0,0,1,0,0,1,0,0,0,0,0
361,2021-01-09,Rewe,place_165,2,1,0,0,0,0,0,0,0,1,0,1,1,0,0,0,0,0
362,2021-01-11,Rewe,place_165,1,1,0,0,1,0,0,0,0,1,0,0,0,0,0,0,0,0
363,2021-01-13,Rewe,place_165,1,1,0,0,1,0,0,0,0,1,0,0,0,0,0,0,0,0
364,2021-01-14,Rewe,place_165,1,1,0,0,0,0,0,0,0,0,0,1,0,0,0,1,0,0
365,2021-01-18,Rewe,place_165,1,1,0,0,1,0,0,0,0,1,0,0,0,0,0,0,0,0
366,2021-01-19,Rewe,place_165,1,1,0,0,1,0,0,0,0,1,0,0,0,0,0,0,0,0
367,2021-01-20,Rewe,place_165,1,1,0,0,1,1,0,0,0,1,0,0,0,0,1,0,0,1
368,2021-01-18,Rewe,place_167,1,1,0,0,1,0,0,0,0,1,0,0,0,0,0,0,0,0
369,2021-01-01,McDonald's,place_17,1,1,0,0,1,0,0,0,0,1,0,0,0,0,0,0,0,0
370,2021-01-16,McDonald's,place_17,2,1,0,0,1,0,0,0,0,1,0,0,0,0,1,0,0,0
371,2021-01-21,McDonald's,place_17,1,1,0,0,1,0,0,0,0,1,0,0,0,0,0,0,1,0
372,2021-01-09,Rewe,place_170,1,1,0,0,0,0,0,0,1,1,0,0,1,0,0,0,0,0
373,2021-01-12,Rewe,place_170,1,1,0,0,0,0,0,0,0,1,0,1,0,0,1,0,0,0
374,2021-01-13,Rewe,place_170,1,1,0,1,0,0,0,0,1,1,0,0,0,0,0,0,0,0
375,2021-01-19,Rewe,place_170,1,1,0,0,0,0,0,0,0,1,0,1,0,0,0,0,0,0
376,2021-01-05,Rewe,place_171,2,2,0,0,0,0,0,0,2,2,0,0,0,0,1,0,0,0
377,2021-01-06,Rewe,place_171,1,1,0,0,0,0,0,0,1,1,0,0,0,0,0,0,0,0
378,2021-01-11,Rewe,place_171,1,1,0,0,0,0,0,0,1,1,0,0,0,0,0,0,0,0
379,2021-01-12,Rewe,place_171,2,1,0,0,0,0,0,0,1,1,0,0,0,0,0,0,0,0
380,2021-01-13,Rewe,place_171,6,2,0,0,1,0,0,0,1,2,0,0,0,0,0,0,0,0
381,2021-01-14,Rewe,place_171,2,2,0,0,0,0,0,0,1,2,0,1,0,0,1,0,0,0
382,2021-01-15,Rewe,place_171,1,1,0,0,1,1,0,0,0,1,0,0,0,0,0,0,0,0
383,2021-01-16,Rewe,place_171,3,1,0,0,0,0,0,0,1,1,0,0,0,0,0,0,0,0
384,2021-01-19,Rewe,place_171,4,2,0,0,0,0,0,0,1,1,0,0,0,1,0,1,0,0
385,2021-01-20,Rewe,place_171,1,1,0,0,1,0,0,1,0,1,0,0,0,0,0,0,0,0
386,2021-01-21,Rewe,place_171,1,1,0,0,0,0,0,0,1,1,0,0,0,0,0,0,0,0
387,2021-01-04,Rewe,place_172,3,1,1,0,1,0,0,0,0,1,0,0,0,0,0,0,0,0
388,2021-01-05,Rewe,place_172,1,1,0,0,1,0,0,0,0,1,0,0,0,0,0,0,0,0
389,2021-01-09,Rewe,place_172,1,1,0,0,1,0,0,0,0,1,0,0,0,0,0,0,0,0
390,2021-01-11,Rewe,place_172,1,1,0,0,0,0,0,0,0,1,0,1,0,0,0,0,0,0
391,2021-01-13,Rewe,place_172,1,1,1,0,1,0,0,0,0,1,0,0,0,0,0,0,0,0
392,2021-01-15,Rewe,place_172,1,1,0,0,1,0,0,1,0,1,0,0,0,0,0,0,0,0
393,2021-01-16,Rewe,place_172,1,1,0,0,1,0,0,0,0,1,0,0,1,0,0,0,0,0
394,2021-01-18,Rewe,place_172,1,1,0,0,1,0,0,0,0,1,0,0,1,0,0,0,0,0
395,2021-01-19,Rewe,place_172,1,1,0,0,0,0,0,0,0,1,0,1,0,0,0,0,0,0
396,2021-01-04,Rewe,place_173,1,1,0,0,0,0,0,0,0,1,0,1,0,0,0,0,0,0
397,2021-01-05,Rewe,place_173,1,1,0,0,1,0,0,0,0,1,0,0,0,0,0,0,0,0
398,2021-01-08,Rewe,place_173,1,1,1,0,1,0,0,0,0,0,0,0,0,0,0,1,0,1
399,2021-01-09,Rewe,place_173,2,2,0,1,1,0,0,0,1,2,0,0,0,0,0,0,0,1
400,2021-01-02,Rewe,place_175,1,1,0,0,1,0,0,0,0,1,0,0,0,0,1,0,0,0
401,2021-01-07,Rewe,place_175,1,1,0,0,1,1,0,0,0,1,0,0,0,0,0,0,0,0
402,2021-01-08,Rewe,place_175,2,2,0,0,2,0,0,0,0,2,0,0,0,0,0,0,0,1
403,2021-01-12,Rewe,place_175,1,1,1,1,0,0,0,0,1,1,0,0,0,0,0,0,0,0
404,2021-01-21,Rewe,place_175,1,1,0,0,0,0,0,0,0,1,0,1,0,0,0,0,0,0
405,2021-01-04,Rewe,place_176,1,1,0,0,0,1,0,0,0,1,0,1,0,0,0,0,0,0
406,2021-01-11,Rewe,place_176,1,1,0,0,1,0,0,0,0,1,1,0,0,0,0,0,0,0
407,2021-01-12,Rewe,place_176,4,2,0,0,2,0,0,0,0,2,1,0,0,0,0,0,0,0
408,2021-01-13,Rewe,place_176,1,1,0,0,1,0,0,0,0,1,1,0,0,0,0,0,0,0
409,2021-01-14,Rewe,place_176,4,3,0,0,2,1,0,1,1,2,1,0,1,0,0,1,0,0
410,2021-01-15,Rewe,place_176,4,1,0,0,1,0,0,0,0,1,1,0,0,0,0,0,0,0
411,2021-01-18,Rewe,place_176,2,1,0,0,1,0,0,0,0,1,1,0,0,0,0,0,0,0
412,2021-01-19,Rewe,place_176,2,1,0,0,1,0,0,0,0,1,1,0,0,0,0,0,0,0
413,2021-01-20,Rewe,place_176,1,1,0,0,1,0,0,0,0,1,1,0,0,0,0,0,0,0
414,2021-01-21,Rewe,place_176,1,1,0,0,1,0,1,0,0,1,0,0,0,0,0,0,0,0
415,2021-01-11,Rewe,place_177,1,1,0,0,1,0,0,0,0,1,0,0,0,0,0,0,0,0
416,2021-01-13,Rewe,place_177,3,1,0,0,0,0,0,0,0,1,1,1,0,0,0,0,0,1
417,2021-01-16,Rewe,place_177,1,1,0,0,1,1,0,0,0,1,0,0,0,0,0,0,0,0
418,2021-01-19,Rewe,place_177,1,1,0,0,1,0,0,0,0,1,0,0,0,0,1,0,0,0
419,2021-01-21,Rewe,place_177,1,1,0,0,1,0,0,0,0,1,0,0,0,0,0,0,0,0
420,2021-01-02,Rewe,place_178,2,1,1,0,0,0,0,0,0,1,0,1,0,0,0,0,0,0
421,2021-01-06,Rewe,place_178,4,2,0,0,1,1,0,0,1,2,0,0,0,0,0,0,0,0
422,2021-01-08,Rewe,place_178,1,1,1,0,0,0,0,0,0,1,0,1,0,0,1,0,0,0
423,2021-01-11,Rewe,place_178,3,2,0,0,1,0,0,0,0,2,1,1,0,0,0,0,0,0
424,2021-01-14,Rewe,place_178,1,1,0,0,1,0,0,0,0,1,0,0,0,0,0,0,0,0
425,2021-01-16,Rewe,place_178,1,1,0,0,0,0,0,0,0,1,0,1,0,0,0,0,0,0
426,2021-01-19,Rewe,place_178,2,1,0,0,0,0,0,0,0,0,0,1,0,0,1,1,0,0
427,2021-01-20,Rewe,place_178,2,1,0,0,1,1,0,0,0,1,0,0,0,0,0,0,0,0
428,2021-01-02,Rewe,place_179,2,1,0,1,1,0,0,0,0,1,0,0,0,0,0,0,0,0
429,2021-01-04,Rewe,place_179,5,3,0,1,3,0,0,0,0,3,0,0,0,0,1,0,0,0
430,2021-01-06,Rewe,place_179,2,2,1,1,1,0,0,0,0,1,0,1,0,0,0,1,0,0
431,2021-01-07,Rewe,place_179,1,1,0,1,1,0,0,0,0,1,0,0,0,0,0,0,0,0
432,2021-01-08,Rewe,place_179,1,1,0,0,1,0,0,0,0,1,0,0,0,0,0,0,0,0
433,2021-01-11,Rewe,place_179,1,1,0,0,0,0,0,0,1,1,0,0,0,0,1,0,0,0
434,2021-01-14,Rewe,place_179,1,1,0,0,0,0,0,0,0,1,0,1,0,0,0,0,0,0
435,2021-01-16,Rewe,place_179,1,1,0,0,0,0,0,0,1,1,0,0,0,0,0,0,0,0
436,2021-01-19,Rewe,place_179,2,2,0,0,2,0,0,0,0,1,0,0,0,0,0,1,0,0
437,2021-01-20,Rewe,place_179,2,2,0,0,1,0,0,0,0,1,0,1,0,0,0,1,0,0
438,2021-01-01,McDonald's,place_18,1,1,0,0,0,0,0,0,1,1,0,0,0,0,0,0,0,1
439,2021-01-15,McDonald's,place_18,2,1,0,0,1,0,0,0,0,1,0,0,0,0,0,0,0,0
440,2021-01-16,McDonald's,place_18,1,1,0,0,0,0,0,0,1,1,0,0,0,0,0,0,0,0
441,2021-01-19,McDonald's,place_18,1,1,0,0,0,0,0,0,0,0,0,1,1,0,0,1,0,0
442,2021-01-02,Rewe,place_180,2,2,0,0,2,0,0,0,0,2,0,0,0,1,1,0,0,0
443,2021-01-07,Rewe,place_180,1,1,0,0,1,1,0,0,0,1,0,0,0,0,0,0,0,0
444,2021-01-08,Rewe,place_180,2,2,0,0,1,0,0,0,1,2,0,0,0,0,1,0,0,0
445,2021-01-11,Rewe,place_180,1,1,0,0,1,0,0,0,0,1,0,0,0,0,0,0,0,0
446,2021-01-15,Rewe,place_180,1,1,0,0,1,0,1,0,0,1,0,0,0,0,0,0,0,0
447,2021-01-20,Rewe,place_180,1,1,0,0,0,0,0,0,1,1,0,0,0,0,0,0,0,0
448,2021-01-21,Rewe,place_180,2,2,0,0,1,0,0,0,0,2,0,1,0,0,1,0,0,0
449,2021-01-02,Rewe,place_182,1,1,0,0,1,0,0,0,0,1,0,0,0,0,0,0,0,0
450,2021-01-04,Rewe,place_182,1,1,0,0,1,0,0,0,0,1,0,0,0,0,0,0,0,0
451,2021-01-06,Rewe,place_182,1,1,0,0,1,0,0,0,0,1,0,0,0,0,0,0,0,0
452,2021-01-08,Rewe,place_182,2,2,0,0,0,0,0,0,1,2,0,1,0,0,0,0,0,0
453,2021-01-09,Rewe,place_182,1,1,0,0,1,0,0,0,0,1,0,0,0,0,0,0,0,0
454,2021-01-11,Rewe,place_182,2,1,0,0,1,0,0,0,0,1,0,0,0,0,0,0,0,0
455,2021-01-14,Rewe,place_182,1,1,0,0,0,0,0,0,0,1,0,1,0,0,0,0,1,0
456,2021-01-15,Rewe,place_182,2,1,0,0,0,0,0,0,0,1,0,1,0,0,0,0,0,0
457,2021-01-16,Rewe,place_182,1,1,0,0,0,0,0,0,1,0,0,0,0,0,0,1,0,0
458,2021-01-19,Rewe,place_182,5,2,0,0,1,0,1,0,1,1,0,0,0,0,0,1,0,0
459,2021-01-21,Rewe,place_182,1,1,0,0,1,0,0,0,0,1,0,0,0,0,0,0,0,1
460,2021-01-04,Rewe,place_183,2,2,0,0,1,0,0,0,1,2,0,0,0,0,0,0,0,0
461,2021-01-05,Rewe,place_183,4,2,0,1,2,0,0,0,0,2,0,0,0,0,0,0,0,0
462,2021-01-08,Rewe,place_183,3,2,0,0,2,0,0,0,0,2,0,0,0,0,0,0,0,0
463,2021-01-11,Rewe,place_183,1,1,0,0,1,0,0,0,0,0,0,0,0,0,0,1,0,0
464,2021-01-14,Rewe,place_183,1,1,0,0,1,0,0,0,0,1,0,0,0,0,0,0,0,0
465,2021-01-15,Rewe,place_183,2,2,0,0,2,0,0,0,0,2,0,0,0,0,0,0,0,0
466,2021-01-16,Rewe,place_183,2,2,0,0,1,1,0,0,0,1,0,1,0,0,0,1,0,0
467,2021-01-19,Rewe,place_183,1,1,0,0,1,0,0,0,0,1,0,0,0,0,0,0,0,0
468,2021-01-21,Rewe,place_183,2,2,0,0,2,0,0,0,0,1,0,0,0,0,0,1,0,0
469,2021-01-04,Rewe,place_187,2,2,1,0,1,0,0,0,0,2,0,1,0,0,0,0,0,0
470,2021-01-09,Rewe,place_187,1,1,0,0,1,0,0,0,0,1,0,0,0,0,0,0,0,0
471,2021-01-11,Rewe,place_187,1,1,0,0,0,0,0,0,0,1,0,1,0,0,0,0,0,0
472,2021-01-14,Rewe,place_187,1,1,0,0,1,0,0,0,0,1,0,0,0,0,0,0,0,0
473,2021-01-15,Rewe,place_187,2,2,1,0,0,1,0,0,1,2,0,1,0,0,0,0,0,0
474,2021-01-16,Rewe,place_187,2,2,0,0,1,0,0,0,1,2,1,0,0,0,0,0,0,1
475,2021-01-02,Rewe,place_189,1,1,0,0,1,0,0,1,0,1,0,0,0,0,0,0,0,0
476,2021-01-04,Rewe,place_189,2,1,0,0,0,0,0,0,1,1,0,0,0,1,0,0,0,0
477,2021-01-06,Rewe,place_189,1,1,0,0,0,0,0,0,1,1,0,0,1,0,0,0,0,0
478,2021-01-08,Rewe,place_189,1,1,0,0,0,0,0,0,0,1,0,1,0,0,0,0,1,0
479,2021-01-11,Rewe,place_189,1,1,0,0,0,0,0,0,1,1,0,0,1,0,0,0,0,0
480,2021-01-12,Rewe,place_189,1,1,0,0,0,0,0,0,1,1,0,0,0,1,0,0,0,0
481,2021-01-08,McDonald's,place_19,1,1,0,0,1,0,0,1,0,1,0,0,0,0,0,0,0,0
482,2021-01-06,Rewe,place_190,2,2,0,0,1,0,0,0,1,2,0,0,0,0,0,0,1,0
483,2021-01-07,Rewe,place_190,1,1,0,0,1,0,0,0,0,1,0,0,0,0,0,0,0,0
484,2021-01-11,Rewe,place_190,1,1,0,0,0,0,0,0,0,1,0,1,1,0,0,0,0,0
485,2021-01-12,Rewe,place_190,1,1,0,0,0,0,0,1,0,1,0,1,0,0,0,0,0,1
486,2021-01-13,Rewe,place_190,2,1,0,0,1,1,0,0,0,1,0,0,0,1,0,0,0,1
487,2021-01-14,Rewe,place_190,1,1,0,0,1,0,0,0,0,1,0,0,0,0,0,0,0,0
488,2021-01-16,Rewe,place_190,1,1,0,0,1,0,0,0,0,1,0,0,0,0,0,0,0,1
489,2021-01-18,Rewe,place_190,1,1,0,0,0,0,0,0,0,1,0,1,1,0,0,0,0,0
490,2021-01-02,Rewe,place_191,6,4,0,0,4,0,0,0,0,4,0,0,1,0,0,0,1,0
491,2021-01-04,Rewe,place_191,2,1,0,0,1,0,0,0,0,1,0,0,0,0,0,0,0,0
492,2021-01-05,Rewe,place_191,2,1,0,0,1,0,0,0,0,1,0,0,0,0,0,0,0,0
493,2021-01-06,Rewe,place_191,1,1,0,0,1,0,0,0,0,1,0,0,0,0,0,0,0,0
494,2021-01-07,Rewe,place_191,1,1,0,0,0,0,1,0,1,1,0,0,0,0,0,0,0,0
495,2021-01-08,Rewe,place_191,3,3,0,0,3,0,0,0,0,3,0,0,0,0,0,0,0,0
496,2021-01-09,Rewe,place_191,11,8,1,0,5,0,0,0,3,8,0,0,1,1,0,0,0,0
497,2021-01-11,Rewe,place_191,2,2,0,0,1,0,0,1,1,2,0,0,0,1,0,0,0,0
498,2021-01-12,Rewe,place_191,1,1,0,0,1,0,0,0,0,0,0,0,0,0,0,1,0,0
499,2021-01-14,Rewe,place_191,4,2,0,0,2,0,0,0,0,2,0,0,0,0,0,0,0,0
500,2021-01-15,Rewe,place_191,2,2,0,0,1,0,1,0,0,2,0,1,0,0,0,0,0,0
501,2021-01-16,Rewe,place_191,3,2,0,1,2,0,0,0,0,2,0,0,0,0,0,0,0,0
502,2021-01-19,Rewe,place_191,1,1,0,0,1,0,0,0,0,1,0,0,0,0,0,0,0,0
503,2021-01-20,Rewe,place_191,4,2,0,0,1,0,1,0,1,2,0,0,1,0,0,0,0,0
504,2021-01-21,Rewe,place_191,3,2,0,0,1,0,0,1,0,2,0,1,0,0,0,0,0,1
505,2021-01-02,Rewe,place_192,3,2,0,0,2,0,0,0,0,2,0,0,0,1,0,0,0,0
506,2021-01-09,Rewe,place_192,1,1,0,0,0,0,0,0,0,1,0,1,0,0,0,0,0,0
507,2021-01-14,Rewe,place_192,1,1,0,0,1,0,0,0,0,0,0,0,0,0,0,1,0,0
508,2021-01-15,Rewe,place_192,1,1,0,0,1,0,0,0,0,1,0,0,0,0,0,0,0,0
509,2021-01-19,Rewe,place_192,1,1,1,1,0,0,0,0,1,1,0,0,0,0,0,0,0,0
510,2021-01-02,Rewe,place_193,3,2,0,0,1,1,0,0,0,2,0,1,0,0,1,0,0,1
511,2021-01-04,Rewe,place_193,7,3,0,0,1,0,0,0,0,3,0,2,0,1,0,0,0,1
512,2021-01-05,Rewe,place_193,6,2,0,1,0,0,0,0,1,2,1,1,0,0,0,0,0,2
513,2021-01-06,Rewe,place_193,5,1,0,0,0,0,0,0,0,1,0,1,0,0,0,0,0,1
514,2021-01-07,Rewe,place_193,2,2,0,0,1,0,0,0,0,2,0,1,0,0,0,0,0,1
515,2021-01-08,Rewe,place_193,3,2,0,1,0,0,0,0,1,2,1,1,0,0,0,0,0,2
516,2021-01-09,Rewe,place_193,5,1,0,0,0,0,0,0,0,1,0,1,0,0,0,0,0,1
517,2021-01-11,Rewe,place_193,3,2,0,0,0,0,0,0,0,2,0,2,0,0,0,0,0,1
518,2021-01-12,Rewe,place_193,5,3,0,0,1,1,0,0,0,3,0,2,0,0,1,0,0,1
519,2021-01-13,Rewe,place_193,1,1,0,0,1,0,0,0,0,1,1,0,0,0,0,0,0,0
520,2021-01-15,Rewe,place_193,4,3,0,0,0,0,1,0,1,3,1,2,0,0,0,0,0,1
521,2021-01-16,Rewe,place_193,5,4,0,0,3,1,0,0,0,4,0,1,0,0,2,0,0,1
522,2021-01-18,Rewe,place_193,3,2,0,0,0,1,0,0,0,2,1,2,0,0,0,0,0,1
523,2021-01-19,Rewe,place_193,3,2,0,0,1,0,0,0,0,2,0,1,0,0,0,0,1,1
524,2021-01-20,Rewe,place_193,7,1,0,0,0,0,0,0,0,1,0,1,0,0,0,0,0,1
525,2021-01-21,Rewe,place_193,5,2,0,0,1,0,1,0,0,2,0,1,0,1,0,0,0,1
526,2021-01-05,Rewe,place_194,2,2,0,0,0,1,0,0,1,2,0,1,0,0,0,0,1,0
527,2021-01-09,Rewe,place_194,1,1,0,0,1,1,0,0,0,1,0,0,0,0,0,0,0,1
528,2021-01-12,Rewe,place_194,1,1,0,0,1,0,0,0,0,1,0,0,0,0,0,0,0,0
529,2021-01-02,Rewe,place_195,1,1,0,0,0,0,0,0,1,1,0,0,0,0,0,0,0,0
530,2021-01-06,Rewe,place_195,2,1,0,0,0,0,0,0,1,1,0,0,0,0,0,0,0,0
531,2021-01-07,Rewe,place_195,1,1,0,0,0,0,0,0,0,1,0,1,0,0,0,0,0,0
532,2021-01-08,Rewe,place_195,2,1,0,0,0,0,0,0,0,1,0,1,0,0,0,0,0,0
533,2021-01-12,Rewe,place_195,1,1,0,0,0,0,0,0,0,1,0,1,0,0,0,0,0,0
534,2021-01-18,Rewe,place_195,1,1,0,1,1,0,0,0,0,1,0,0,1,0,0,0,0,0
535,2021-01-01,Rewe,place_196,2,1,0,0,0,0,0,0,1,1,0,0,0,0,0,0,0,0
536,2021-01-05,Rewe,place_196,3,1,0,0,1,0,1,0,0,1,1,0,0,0,0,0,0,1
537,2021-01-08,Rewe,place_196,3,1,0,0,1,0,0,0,0,1,0,0,0,1,0,0,0,0
538,2021-01-09,Rewe,place_196,1,1,0,0,0,0,0,0,0,1,0,1,0,0,0,0,0,0
539,2021-01-11,Rewe,place_196,1,1,0,0,1,0,0,0,0,1,0,0,0,0,0,0,0,0
540,2021-01-13,Rewe,place_196,3,2,0,0,1,0,1,0,1,2,1,0,0,0,0,0,0,1
541,2021-01-14,Rewe,place_196,1,1,0,0,1,0,0,0,0,1,0,0,0,0,0,0,0,0
542,2021-01-16,Rewe,place_196,1,1,0,0,1,0,0,0,0,1,0,0,0,0,0,0,0,0
543,2021-01-17,Rewe,place_196,2,1,0,0,1,1,0,0,0,1,0,0,0,0,0,0,0,0
544,2021-01-20,Rewe,place_196,2,2,0,0,0,0,0,1,0,1,0,1,0,0,0,1,0,0
545,2021-01-02,Rewe,place_198,5,2,0,0,2,0,0,0,0,2,1,0,1,0,0,0,0,0
546,2021-01-05,Rewe,place_198,2,1,0,0,1,0,0,0,0,1,0,0,0,0,0,0,0,0
547,2021-01-07,Rewe,place_198,1,1,0,0,1,0,0,0,0,1,0,0,0,0,0,0,0,0
548,2021-01-08,Rewe,place_198,1,1,0,0,1,1,0,0,0,1,0,0,0,0,0,0,1,1
549,2021-01-13,Rewe,place_198,2,1,0,0,1,1,0,0,0,1,0,0,0,0,0,0,1,1
550,2021-01-14,Rewe,place_198,1,1,0,0,1,1,0,0,0,1,0,0,0,0,0,0,1,1
551,2021-01-15,Rewe,place_198,1,1,0,0,1,1,0,0,0,1,0,0,0,0,0,0,1,1
552,2021-01-20,Rewe,place_198,1,1,0,1,0,0,0,0,0,1,0,1,0,0,0,0,0,0
553,2021-01-02,Rewe,place_199,4,3,0,0,1,1,0,0,2,3,0,0,0,1,1,0,0,0
554,2021-01-04,Rewe,place_199,1,1,0,0,0,0,0,0,0,1,0,1,0,0,0,0,0,0
555,2021-01-08,Rewe,place_199,1,1,0,0,1,0,0,0,0,1,0,0,0,0,0,0,1,0
556,2021-01-12,Rewe,place_199,2,2,0,0,1,0,0,1,1,2,0,0,0,0,0,0,0,0
557,2021-01-15,Rewe,place_199,1,1,0,0,1,0,0,0,0,1,0,0,0,0,0,0,0,0
558,2021-01-16,Rewe,place_199,5,3,0,0,3,0,0,0,0,3,0,0,0,0,0,0,0,0
559,2021-01-21,Rewe,place_199,1,1,0,0,0,0,0,0,0,1,0,1,0,0,0,0,0,0
560,2021-01-05,McDonald's,place_2,2,2,0,0,1,0,0,1,0,2,0,1,0,0,0,0,0,0
561,2021-01-06,McDonald's,place_2,1,1,1,0,0,0,0,0,1,1,0,0,0,0,0,0,0,0
562,2021-01-15,McDonald's,place_2,1,1,1,0,0,0,0,0,1,1,0,0,0,0,0,0,0,0
563,2021-01-16,McDonald's,place_2,1,1,0,0,1,0,1,0,0,1,0,0,0,0,0,0,0,0
564,2021-01-20,McDonald's,place_2,2,2,0,0,1,0,0,0,0,2,0,1,0,0,1,0,0,1
565,2021-01-10,McDonald's,place_20,4,2,0,0,2,1,0,0,0,2,0,0,0,0,0,0,0,0
566,2021-01-17,McDonald's,place_20,2,1,0,0,1,1,0,0,0,1,0,0,0,0,0,0,0,0
567,2021-01-02,Rewe,place_200,2,2,1,0,0,0,0,0,0,2,0,2,0,1,0,0,0,1
568,2021-01-04,Rewe,place_200,1,1,0,0,0,1,0,0,0,1,0,1,0,0,0,0,0,0
569,2021-01-05,Rewe,place_200,1,1,1,0,0,0,0,0,0,1,0,1,0,0,0,0,0,0
570,2021-01-06,Rewe,place_200,1,1,0,0,1,0,0,0,0,1,0,0,0,0,0,0,0,0
571,2021-01-07,Rewe,place_200,1,1,0,0,1,0,0,0,0,1,0,0,0,0,0,0,0,0
572,2021-01-08,Rewe,place_200,2,2,0,0,2,0,0,0,0,2,0,0,0,0,0,0,0,0
573,2021-01-09,Rewe,place_200,3,2,0,0,0,0,0,0,0,2,0,2,0,1,0,0,0,1
574,2021-01-11,Rewe,place_200,1,1,0,0,1,1,0,0,0,1,0,0,0,0,0,0,0,0
575,2021-01-12,Rewe,place_200,2,2,0,0,0,0,0,0,0,2,0,2,0,1,0,0,0,1
576,2021-01-13,Rewe,place_200,2,1,0,0,0,0,0,0,1,1,0,0,0,0,0,0,0,0
577,2021-01-14,Rewe,place_200,1,1,0,0,1,0,0,0,0,1,0,0,0,0,0,0,0,0
578,2021-01-15,Rewe,place_200,1,1,0,0,1,0,0,1,0,1,0,0,0,0,0,0,0,0
579,2021-01-16,Rewe,place_200,3,2,0,0,2,0,0,0,0,1,0,0,0,0,0,1,0,0
580,2021-01-18,Rewe,place_200,4,1,1,0,0,0,0,0,0,1,0,1,0,0,0,0,0,0
581,2021-01-19,Rewe,place_200,1,1,0,0,1,0,0,0,0,1,0,0,0,0,0,0,0,0
582,2021-01-21,Rewe,place_200,1,1,0,0,1,0,0,0,0,1,0,0,1,0,0,0,0,1
583,2021-01-04,Rewe,place_201,3,1,1,0,0,0,0,0,0,1,0,1,0,0,0,0,0,0
584,2021-01-02,Rewe,place_203,1,1,0,0,1,0,0,0,0,1,0,0,0,0,0,0,0,0
585,2021-01-05,Rewe,place_203,6,1,0,0,0,0,0,0,0,1,0,1,0,0,1,0,0,0
586,2021-01-06,Rewe,place_203,2,2,0,0,2,0,0,0,0,2,0,0,0,0,0,0,0,0
587,2021-01-07,Rewe,place_203,1,1,0,0,1,0,0,0,0,1,0,0,0,0,0,0,0,1
588,2021-01-08,Rewe,place_203,3,1,0,0,0,0,0,0,0,1,0,1,0,0,0,0,0,0
589,2021-01-09,Rewe,place_203,2,2,0,0,0,0,0,0,1,2,0,1,0,0,1,0,0,0
590,2021-01-10,Rewe,place_203,1,1,0,0,0,1,0,0,0,1,0,1,0,0,0,0,0,0
591,2021-01-11,Rewe,place_203,1,1,0,0,1,0,0,0,0,1,0,0,0,0,0,0,0,0
592,2021-01-12,Rewe,place_203,6,2,0,0,0,0,0,0,0,1,0,1,0,2,0,1,0,0
593,2021-01-13,Rewe,place_203,1,1,0,0,0,0,0,0,0,1,0,1,0,0,1,0,0,0
594,2021-01-14,Rewe,place_203,1,1,0,0,0,0,0,0,0,1,0,1,0,0,0,0,0,0
595,2021-01-15,Rewe,place_203,6,4,0,0,2,1,1,0,1,4,0,1,0,0,2,0,0,0
596,2021-01-16,Rewe,place_203,1,1,0,0,0,0,0,0,1,1,0,0,0,0,0,0,0,0
597,2021-01-18,Rewe,place_203,1,1,0,0,0,0,0,0,0,1,0,1,0,0,1,0,0,0
598,2021-01-19,Rewe,place_203,1,1,0,0,0,0,0,0,0,1,0,1,0,0,1,0,0,0
599,2021-01-20,Rewe,place_203,2,1,0,0,0,0,0,0,0,1,0,1,0,0,1,0,0,0
600,2021-01-21,Rewe,place_203,2,2,0,0,1,0,1,0,0,2,0,1,0,0,0,0,1,0
601,2021-01-02,Rewe,place_204,1,1,0,0,1,0,0,0,0,1,0,0,0,0,0,0,0,0
602,2021-01-04,Rewe,place_204,2,1,0,0,1,0,0,0,0,1,0,0,0,0,0,0,0,0
603,2021-01-05,Rewe,place_204,2,1,0,0,0,0,0,0,1,1,0,0,0,0,0,0,0,0
604,2021-01-06,Rewe,place_204,1,1,1,0,0,0,0,0,0,1,0,1,0,0,0,0,0,0
605,2021-01-08,Rewe,place_204,1,1,0,0,1,0,1,0,0,1,0,0,0,0,0,0,0,0
606,2021-01-09,Rewe,place_204,6,3,0,0,1,0,1,0,1,3,0,1,0,0,0,0,0,0
607,2021-01-11,Rewe,place_204,1,1,0,0,1,0,0,0,0,1,0,0,0,0,0,0,0,0
608,2021-01-12,Rewe,place_204,1,1,0,0,1,0,0,0,0,1,0,0,0,0,0,0,0,0
609,2021-01-13,Rewe,place_204,1,1,0,0,1,0,0,0,0,1,0,0,0,0,0,0,0,1
610,2021-01-14,Rewe,place_204,3,2,0,0,2,0,0,0,0,2,0,0,0,0,0,0,0,0
611,2021-01-15,Rewe,place_204,1,1,0,0,1,0,0,1,0,1,0,0,0,0,0,0,0,0
612,2021-01-02,Rewe,place_205,5,5,0,0,4,0,0,0,0,5,1,1,0,0,0,0,0,0
613,2021-01-04,Rewe,place_205,5,5,0,0,4,1,0,1,0,5,0,1,0,0,0,0,0,1
614,2021-01-05,Rewe,place_205,3,1,0,0,1,0,0,0,0,1,0,0,0,0,0,0,0,0
615,2021-01-08,Rewe,place_205,1,1,0,0,0,0,0,0,0,1,0,1,0,0,0,0,0,0
616,2021-01-09,Rewe,place_205,2,2,0,0,2,0,1,0,0,2,0,0,0,1,0,0,0,0
617,2021-01-13,Rewe,place_205,2,1,0,0,0,0,0,0,1,1,0,0,0,1,0,0,0,0
618,2021-01-14,Rewe,place_205,2,2,1,0,1,0,0,0,0,2,0,1,0,0,0,0,0,1
619,2021-01-15,Rewe,place_205,3,3,0,0,1,1,0,0,1,3,0,1,0,0,0,0,0,0
620,2021-01-18,Rewe,place_205,2,2,0,0,2,0,0,0,0,2,0,0,0,0,0,0,0,0
621,2021-01-19,Rewe,place_205,4,3,0,0,2,0,0,0,0,3,0,1,0,0,1,0,0,1
622,2021-01-02,Rewe,place_207,1,1,0,0,1,0,0,0,0,1,0,0,0,0,0,0,0,0
623,2021-01-07,Rewe,place_207,1,1,0,0,0,0,0,0,0,1,1,1,0,0,0,0,0,0
624,2021-01-09,Rewe,place_207,2,1,1,0,1,0,0,0,0,1,0,0,0,0,0,0,0,0
625,2021-01-11,Rewe,place_207,1,1,0,0,1,0,0,0,0,1,0,0,0,0,0,0,0,0
626,2021-01-15,Rewe,place_207,1,1,0,0,0,0,0,0,1,1,0,0,0,0,0,0,0,0
627,2021-01-18,Rewe,place_207,1,1,1,0,1,0,0,0,0,1,0,0,0,0,0,0,0,0
628,2021-01-19,Rewe,place_207,1,1,0,0,1,0,0,0,0,1,0,0,0,0,0,0,0,0
629,2021-01-20,Rewe,place_207,1,1,0,0,1,0,0,0,0,1,0,0,0,0,0,0,0,1
630,2021-01-02,Rewe,place_209,2,2,0,0,0,0,0,1,0,2,0,2,0,0,0,0,0,0
631,2021-01-05,Rewe,place_209,1,1,0,0,0,0,0,0,1,1,0,0,0,0,0,0,0,0
632,2021-01-06,Rewe,place_209,2,2,0,0,1,0,0,0,0,2,0,1,0,0,0,0,0,0
633,2021-01-07,Rewe,place_209,2,2,0,0,1,0,0,0,1,2,0,0,0,0,0,0,0,2
634,2021-01-08,Rewe,place_209,3,2,0,0,1,0,0,0,0,2,0,1,0,0,0,0,0,0
635,2021-01-09,Rewe,place_209,2,2,0,0,1,0,0,0,1,2,0,0,0,0,1,0,1,1
636,2021-01-11,Rewe,place_209,1,1,0,0,0,0,0,0,1,1,0,0,1,0,0,0,0,0
637,2021-01-12,Rewe,place_209,1,1,0,0,1,0,0,0,0,1,0,0,0,0,0,0,0,1
638,2021-01-14,Rewe,place_209,2,2,0,0,1,0,0,0,0,2,0,1,0,1,1,0,0,0
639,2021-01-16,Rewe,place_209,3,3,0,0,2,0,0,0,1,3,0,0,0,0,0,0,0,1
640,2021-01-19,Rewe,place_209,3,2,0,0,1,0,0,0,1,2,0,0,0,0,0,0,0,0
641,2021-01-20,Rewe,place_209,2,2,0,0,1,0,0,0,0,2,0,1,0,0,0,0,0,0
642,2021-01-21,Rewe,place_209,3,2,0,0,1,0,0,0,0,2,0,1,0,0,0,0,0,0
643,2021-01-02,Rewe,place_210,6,2,0,0,1,0,0,0,1,2,0,0,0,1,0,0,0,0
644,2021-01-03,Rewe,place_210,11,1,0,0,1,0,0,0,0,1,0,0,0,1,0,0,0,0
645,2021-01-04,Rewe,place_210,5,3,0,0,1,0,0,0,2,3,0,0,0,1,0,0,1,0
646,2021-01-05,Rewe,place_210,1,1,0,0,1,0,0,0,0,1,0,0,0,1,0,0,0,0
647,2021-01-06,Rewe,place_210,3,1,0,0,1,0,0,0,0,1,0,0,0,1,0,0,0,0
648,2021-01-07,Rewe,place_210,5,2,0,0,1,0,0,0,0,2,0,1,0,1,0,0,0,0
649,2021-01-08,Rewe,place_210,7,2,0,0,1,0,0,0,1,2,0,0,0,1,0,0,0,0
650,2021-01-09,Rewe,place_210,2,1,0,0,1,0,0,0,0,1,0,0,0,1,0,0,0,0
651,2021-01-10,Rewe,place_210,5,1,0,0,1,0,0,0,0,1,0,0,0,1,0,0,0,0
652,2021-01-11,Rewe,place_210,5,2,0,0,2,0,0,0,0,2,0,0,0,1,0,0,0,0
653,2021-01-12,Rewe,place_210,1,1,0,0,1,0,0,0,0,1,0,0,0,1,0,0,0,0
654,2021-01-13,Rewe,place_210,1,1,0,0,0,0,0,0,1,1,0,0,0,0,0,0,0,0
655,2021-01-14,Rewe,place_210,4,1,0,0,1,0,0,0,0,1,0,0,0,1,0,0,0,0
656,2021-01-16,Rewe,place_210,4,1,0,0,1,0,0,0,0,1,0,0,0,1,0,0,0,0
657,2021-01-17,Rewe,place_210,7,1,0,0,1,0,0,0,0,1,0,0,0,1,0,0,0,0
658,2021-01-18,Rewe,place_210,3,1,0,0,1,0,0,0,0,1,0,0,0,1,0,0,0,0
659,2021-01-20,Rewe,place_210,2,1,0,0,1,0,0,0,0,1,0,0,0,1,0,0,0,0
660,2021-01-21,Rewe,place_210,4,2,0,0,2,0,0,0,0,2,0,0,0,1,0,0,0,0
661,2021-01-04,Rewe,place_211,2,2,0,0,1,0,0,0,1,2,0,0,0,0,1,0,0,0
662,2021-01-05,Rewe,place_211,1,1,1,0,1,0,0,0,0,1,0,0,0,0,0,0,0,0
663,2021-01-06,Rewe,place_211,1,1,0,0,0,0,0,0,0,1,0,1,0,0,0,0,0,0
664,2021-01-08,Rewe,place_211,1,1,0,0,1,0,0,0,0,1,0,0,0,1,0,0,0,0
665,2021-01-09,Rewe,place_211,1,1,0,0,1,0,0,0,0,1,0,0,0,0,0,0,0,0
666,2021-01-11,Rewe,place_211,1,1,0,0,1,0,0,0,0,0,0,0,0,0,0,1,1,0
667,2021-01-12,Rewe,place_211,1,1,0,0,1,0,0,0,0,1,0,0,0,0,0,0,0,0
668,2021-01-16,Rewe,place_211,1,1,0,0,0,0,0,0,1,1,0,0,0,0,0,0,0,0
669,2021-01-18,Rewe,place_211,3,3,0,0,1,0,0,0,2,2,0,0,0,0,0,1,0,0
670,2021-01-20,Rewe,place_211,1,1,0,0,1,1,0,0,0,1,0,0,0,0,0,0,0,0
671,2021-01-04,Rewe,place_212,1,1,0,0,1,0,0,0,0,1,0,0,0,0,0,0,0,1
672,2021-01-09,Rewe,place_212,1,1,0,0,1,0,0,0,0,1,0,0,0,0,0,0,0,0
673,2021-01-02,Kaufland,place_213,1,1,0,0,0,0,0,0,1,1,0,0,0,0,0,0,0,0
674,2021-01-04,Kaufland,place_213,8,6,0,0,4,1,0,0,1,6,0,1,0,0,1,0,0,1
675,2021-01-05,Kaufland,place_213,3,2,0,0,1,0,0,0,0,2,1,1,0,0,0,0,0,1
676,2021-01-06,Kaufland,place_213,4,3,0,0,1,0,0,0,1,3,0,1,0,0,0,0,0,0
677,2021-01-07,Kaufland,place_213,7,4,0,0,3,1,0,0,1,4,0,0,0,0,1,0,0,0
678,2021-01-08,Kaufland,place_213,6,4,1,0,3,0,0,1,0,3,0,1,1,0,0,1,0,0
679,2021-01-09,Kaufland,place_213,9,5,0,1,4,0,0,0,0,5,0,1,0,0,0,0,0,0
680,2021-01-11,Kaufland,place_213,1,1,0,0,1,0,0,0,0,1,0,0,0,0,0,0,0,0
681,2021-01-12,Kaufland,place_213,3,3,0,1,2,0,0,0,0,3,0,1,0,0,0,0,0,0
682,2021-01-13,Kaufland,place_213,1,1,0,0,1,0,0,0,0,1,0,0,0,0,0,0,0,0
683,2021-01-14,Kaufland,place_213,2,2,0,0,1,0,0,1,0,1,1,1,1,0,0,1,0,0
684,2021-01-15,Kaufland,place_213,6,5,0,0,3,0,1,0,0,5,0,2,0,1,0,0,1,0
685,2021-01-16,Kaufland,place_213,6,5,0,1,2,2,0,1,2,5,0,1,1,0,1,0,2,0
686,2021-01-18,Kaufland,place_213,4,1,0,0,1,0,0,0,0,1,0,0,0,0,0,0,0,0
687,2021-01-19,Kaufland,place_213,2,1,0,0,1,0,0,0,0,1,0,0,0,0,0,0,0,0
688,2021-01-20,Kaufland,place_213,1,1,1,0,1,0,0,0,0,1,0,0,0,0,0,0,0,0
689,2021-01-21,Kaufland,place_213,1,1,1,0,0,0,0,0,0,0,0,0,0,0,0,1,0,1
690,2021-01-02,Kaufland,place_214,6,6,1,0,4,1,1,0,2,6,0,0,0,0,0,0,1,1
691,2021-01-04,Kaufland,place_214,5,4,0,0,4,0,0,0,0,4,0,0,0,0,1,0,0,2
692,2021-01-05,Kaufland,place_214,6,6,1,0,5,1,0,0,1,6,0,0,0,0,1,0,0,1
693,2021-01-06,Kaufland,place_214,8,5,0,0,3,0,0,0,1,5,0,1,0,0,0,0,1,0
694,2021-01-07,Kaufland,place_214,8,7,0,0,3,0,2,0,1,7,0,3,1,0,0,0,0,0
695,2021-01-08,Kaufland,place_214,8,7,0,1,5,1,0,0,0,7,0,2,0,0,1,0,1,2
696,2021-01-09,Kaufland,place_214,20,17,1,0,7,4,0,0,5,17,0,5,0,1,0,0,0,1
697,2021-01-11,Kaufland,place_214,7,4,0,0,1,0,0,0,0,4,0,3,0,0,0,0,0,0
698,2021-01-12,Kaufland,place_214,7,4,0,0,2,1,0,0,0,4,0,2,0,0,0,0,0,1
699,2021-01-14,Kaufland,place_214,12,12,0,0,7,2,1,0,4,10,0,1,1,0,3,2,0,2
700,2021-01-15,Kaufland,place_214,11,11,2,1,5,2,0,0,3,10,2,3,2,0,0,1,0,2
701,2021-01-16,Kaufland,place_214,23,15,3,0,10,0,0,0,3,15,1,2,0,1,0,0,1,1
702,2021-01-18,Kaufland,place_214,13,8,0,1,6,1,0,0,2,8,1,0,0,0,1,0,0,2
703,2021-01-19,Kaufland,place_214,8,7,0,1,6,1,0,0,0,7,0,1,0,0,0,0,0,1
704,2021-01-20,Kaufland,place_214,8,5,0,0,3,0,1,0,0,5,0,2,1,0,0,0,0,2
705,2021-01-21,Kaufland,place_214,9,7,2,0,4,1,0,2,3,7,0,0,0,0,0,0,0,1
706,2021-01-02,Kaufland,place_215,5,3,0,0,2,0,0,2,1,3,0,0,0,0,0,0,0,0
707,2021-01-04,Kaufland,place_215,12,10,2,0,6,0,0,2,2,10,0,2,1,1,1,0,0,1
708,2021-01-05,Kaufland,place_215,5,5,1,0,4,1,1,1,1,5,0,0,0,1,0,0,0,0
709,2021-01-06,Kaufland,place_215,6,3,0,0,1,1,0,1,2,3,1,0,0,0,1,0,0,1
710,2021-01-07,Kaufland,place_215,7,7,0,0,4,1,0,0,1,5,1,1,0,2,0,2,1,0
711,2021-01-08,Kaufland,place_215,5,4,0,1,3,0,0,1,1,4,0,0,0,0,1,0,0,0
712,2021-01-09,Kaufland,place_215,5,4,0,1,4,0,0,0,0,4,0,0,0,1,1,0,0,0
713,2021-01-11,Kaufland,place_215,2,2,0,0,1,0,0,0,1,2,0,0,0,0,0,0,0,0
714,2021-01-12,Kaufland,place_215,1,1,0,0,1,0,0,0,0,1,0,0,1,0,0,0,0,0
715,2021-01-13,Kaufland,place_215,3,3,0,0,1,0,1,0,0,3,0,2,0,0,0,0,0,0
716,2021-01-14,Kaufland,place_215,3,3,0,0,3,0,0,0,0,2,0,0,0,2,0,1,0,1
717,2021-01-15,Kaufland,place_215,9,6,1,0,5,0,0,0,0,5,1,1,0,0,0,1,0,1
718,2021-01-16,Kaufland,place_215,15,7,1,0,6,1,0,0,1,6,1,0,1,0,1,1,0,0
719,2021-01-17,Kaufland,place_215,2,1,0,0,1,0,0,0,0,1,0,0,0,0,0,0,0,1
720,2021-01-18,Kaufland,place_215,1,1,0,0,1,1,0,0,0,1,0,0,0,0,0,0,0,0
721,2021-01-19,Kaufland,place_215,3,3,0,1,2,0,0,0,0,3,0,1,0,0,1,0,0,0
722,2021-01-20,Kaufland,place_215,7,5,0,0,3,1,0,0,0,5,0,2,0,1,3,0,0,0
723,2021-01-21,Kaufland,place_215,6,4,0,0,1,0,0,0,1,4,1,2,1,0,0,0,0,0
724,2021-01-02,Kaufland,place_216,6,4,0,0,3,0,0,0,0,4,0,1,0,0,0,0,0,0
725,2021-01-04,Kaufland,place_216,1,1,0,0,1,0,0,0,0,1,0,0,0,1,0,0,0,0
726,2021-01-05,Kaufland,place_216,1,1,0,0,1,0,0,0,0,0,0,0,0,0,1,1,0,0
727,2021-01-06,Kaufland,place_216,3,3,1,0,1,0,0,0,2,2,0,0,0,0,1,1,1,0
728,2021-01-08,Kaufland,place_216,5,3,0,0,3,0,0,0,0,3,0,0,0,0,0,0,0,0
729,2021-01-09,Kaufland,place_216,6,5,0,0,2,0,1,0,1,5,0,2,0,0,0,0,0,0
730,2021-01-11,Kaufland,place_216,5,4,0,0,2,1,0,0,0,4,0,2,0,0,2,0,0,0
731,2021-01-12,Kaufland,place_216,1,1,0,0,0,0,0,0,0,1,0,1,0,0,0,0,0,0
732,2021-01-13,Kaufland,place_216,3,3,0,0,1,0,0,0,2,3,0,0,0,0,0,0,0,0
733,2021-01-14,Kaufland,place_216,2,2,0,0,1,0,0,0,0,1,0,0,0,0,0,1,0,0
734,2021-01-15,Kaufland,place_216,7,4,0,0,2,0,0,1,0,3,0,1,0,0,0,1,0,0
735,2021-01-16,Kaufland,place_216,15,7,0,0,5,1,0,0,1,7,0,1,0,0,1,0,0,0
736,2021-01-18,Kaufland,place_216,5,4,0,0,0,1,0,0,0,2,0,3,0,0,1,2,0,1
737,2021-01-19,Kaufland,place_216,6,3,0,0,2,0,1,0,1,3,0,0,0,0,1,0,0,0
738,2021-01-20,Kaufland,place_216,1,1,0,0,0,0,0,0,1,1,0,0,0,0,0,0,0,0
739,2021-01-21,Kaufland,place_216,5,4,0,0,3,0,0,0,0,3,0,0,1,1,0,1,0,0
740,2021-01-02,Kaufland,place_217,3,3,0,0,2,1,0,0,0,3,0,1,0,0,0,0,0,1
741,2021-01-04,Kaufland,place_217,1,1,0,0,0,1,0,0,1,1,0,0,0,0,0,0,0,0
742,2021-01-05,Kaufland,place_217,1,1,0,0,1,0,0,0,0,1,0,0,0,0,0,0,0,0
743,2021-01-06,Kaufland,place_217,2,2,0,0,1,0,0,0,1,2,0,0,0,0,0,0,0,0
744,2021-01-07,Kaufland,place_217,1,1,0,1,1,0,0,0,0,1,0,0,0,0,0,0,0,0
745,2021-01-09,Kaufland,place_217,1,1,0,0,1,0,0,0,0,1,0,0,0,0,0,0,0,1
746,2021-01-11,Kaufland,place_217,1,1,0,0,0,0,0,0,0,1,0,1,0,0,0,0,0,0
747,2021-01-12,Kaufland,place_217,2,2,0,0,0,0,0,0,0,2,0,2,0,0,0,0,0,1
748,2021-01-13,Kaufland,place_217,6,4,0,0,3,1,0,0,1,3,0,0,0,0,0,1,0,1
749,2021-01-15,Kaufland,place_217,3,3,1,0,2,0,0,1,0,2,0,1,0,0,0,1,0,1
750,2021-01-16,Kaufland,place_217,1,1,0,0,1,0,0,0,0,1,0,0,0,0,0,0,0,0
751,2021-01-18,Kaufland,place_217,2,2,0,0,2,0,0,0,0,2,0,0,0,1,1,0,0,0
752,2021-01-19,Kaufland,place_217,1,1,0,0,1,0,0,0,0,1,0,0,0,0,0,0,0,0
753,2021-01-20,Kaufland,place_217,4,1,0,0,1,0,0,0,0,1,0,0,0,0,0,0,0,0
754,2021-01-21,Kaufland,place_217,4,4,0,1,2,1,0,0,0,4,0,2,0,1,0,0,0,0
755,2021-01-02,Kaufland,place_218,1,1,0,0,0,0,0,0,1,1,0,0,0,0,1,0,0,0
756,2021-01-04,Kaufland,place_218,1,1,0,0,1,0,0,0,0,1,0,0,0,0,0,0,0,0
757,2021-01-05,Kaufland,place_218,1,1,0,0,1,1,0,0,0,0,0,0,0,0,0,1,0,0
758,2021-01-07,Kaufland,place_218,4,3,0,0,1,0,0,0,1,2,0,1,0,0,1,1,0,0
759,2021-01-08,Kaufland,place_218,2,2,0,0,1,1,0,1,0,1,0,0,1,0,1,1,0,2
760,2021-01-09,Kaufland,place_218,5,4,0,0,3,1,0,0,0,3,0,1,0,0,0,1,0,1
761,2021-01-12,Kaufland,place_218,2,2,0,0,1,0,1,0,1,1,0,0,0,0,0,1,0,0
762,2021-01-13,Kaufland,place_218,1,1,0,0,0,0,0,0,0,1,0,1,0,0,0,0,0,0
763,2021-01-14,Kaufland,place_218,2,1,0,0,1,0,0,0,0,0,1,0,0,0,0,1,0,0
764,2021-01-15,Kaufland,place_218,4,3,0,0,2,0,0,0,1,3,0,0,0,0,0,0,0,1
765,2021-01-16,Kaufland,place_218,8,6,1,0,2,1,0,1,2,6,0,2,0,1,1,0,1,1
766,2021-01-18,Kaufland,place_218,3,2,1,0,1,1,0,1,0,1,0,1,0,0,0,1,0,0
767,2021-01-19,Kaufland,place_218,1,1,1,0,1,0,0,0,0,1,0,0,0,0,0,0,0,1
768,2021-01-20,Kaufland,place_218,1,1,0,0,1,0,0,0,0,0,1,0,0,0,0,1,0,0
769,2021-01-21,Kaufland,place_218,3,3,0,0,1,1,0,0,1,2,0,1,0,0,0,1,0,0
770,2021-01-02,Kaufland,place_219,5,4,2,0,2,0,0,2,1,4,0,1,0,0,1,0,0,0
771,2021-01-04,Kaufland,place_219,3,3,1,0,2,0,0,0,1,3,0,0,0,0,0,0,0,0
772,2021-01-05,Kaufland,place_219,1,1,0,0,1,0,0,0,0,1,0,0,0,0,0,0,0,1
773,2021-01-06,Kaufland,place_219,1,1,0,0,1,0,0,0,0,1,0,0,0,0,0,0,0,1
774,2021-01-07,Kaufland,place_219,4,2,1,0,2,0,0,0,0,2,1,0,0,0,0,0,0,1
775,2021-01-08,Kaufland,place_219,3,3,1,0,2,0,0,0,0,3,0,1,0,0,0,0,0,0
776,2021-01-09,Kaufland,place_219,2,2,0,0,2,0,0,0,0,2,0,0,0,0,0,0,0,0
777,2021-01-14,Kaufland,place_219,1,1,0,0,0,1,0,0,1,1,0,0,0,0,0,0,0,0
778,2021-01-15,Kaufland,place_219,3,3,1,0,2,0,0,0,1,3,0,0,1,0,0,0,0,0
779,2021-01-16,Kaufland,place_219,5,3,0,0,2,1,0,0,0,3,0,1,0,0,0,0,0,0
780,2021-01-18,Kaufland,place_219,3,2,0,0,1,0,0,0,0,2,0,1,0,0,0,0,0,0
781,2021-01-19,Kaufland,place_219,3,2,0,0,1,0,0,0,1,1,1,0,1,1,0,1,0,0
782,2021-01-20,Kaufland,place_219,9,5,1,0,5,0,0,0,0,5,0,0,0,0,0,0,0,1
783,2021-01-21,Kaufland,place_219,5,4,0,2,2,0,0,0,1,4,0,1,1,0,0,0,0,0
784,2021-01-10,McDonald's,place_22,1,1,0,0,1,0,0,0,0,1,0,0,0,0,0,0,0,0
785,2021-01-12,McDonald's,place_22,4,2,0,0,1,0,0,0,1,2,0,0,0,1,0,0,0,0
786,2021-01-13,McDonald's,place_22,1,1,0,0,1,0,0,0,0,1,0,0,0,1,0,0,0,0
787,2021-01-19,McDonald's,place_22,2,1,0,0,1,0,0,0,0,1,0,0,0,0,0,0,0,1
788,2021-01-02,Kaufland,place_220,4,4,0,0,3,1,0,0,0,4,0,1,0,0,0,0,0,1
789,2021-01-04,Kaufland,place_220,7,5,0,0,3,1,2,0,1,5,0,1,0,0,0,0,1,0
790,2021-01-05,Kaufland,place_220,3,2,0,0,1,0,0,0,0,2,0,1,0,0,0,0,0,0
791,2021-01-07,Kaufland,place_220,3,3,0,0,1,0,0,0,0,3,0,2,1,0,0,0,0,0
792,2021-01-08,Kaufland,place_220,2,2,0,0,1,0,0,0,0,2,0,1,1,1,0,0,0,0
793,2021-01-09,Kaufland,place_220,4,3,0,0,1,0,0,0,0,3,0,2,0,0,1,0,1,0
794,2021-01-11,Kaufland,place_220,2,2,0,0,1,1,1,0,1,2,0,0,0,0,0,0,1,0
795,2021-01-12,Kaufland,place_220,4,4,0,0,3,0,1,0,0,4,0,1,0,1,0,0,0,0
796,2021-01-13,Kaufland,place_220,1,1,0,0,0,0,0,0,0,1,0,1,0,0,0,0,0,0
797,2021-01-14,Kaufland,place_220,2,2,0,0,1,0,0,0,1,2,0,0,0,0,1,0,0,0
798,2021-01-15,Kaufland,place_220,2,2,0,0,2,0,1,0,0,2,0,0,0,0,0,0,0,0
799,2021-01-16,Kaufland,place_220,8,5,3,0,4,0,0,0,0,5,0,1,1,0,1,0,0,1
800,2021-01-18,Kaufland,place_220,2,1,0,0,1,0,0,0,0,1,0,0,1,0,0,0,0,0
801,2021-01-20,Kaufland,place_220,6,2,0,0,1,0,0,0,0,2,0,1,0,0,1,0,0,0
802,2021-01-21,Kaufland,place_220,2,2,0,0,1,0,1,0,0,2,0,1,0,0,0,0,1,0
803,2021-01-02,Kaufland,place_221,4,4,0,0,3,0,0,2,1,4,0,0,0,1,0,0,1,0
804,2021-01-04,Kaufland,place_221,3,2,0,1,1,0,0,0,0,2,0,1,0,0,1,0,0,0
805,2021-01-05,Kaufland,place_221,2,2,1,0,1,0,0,0,1,2,0,0,0,0,0,0,1,0
806,2021-01-06,Kaufland,place_221,3,3,0,0,2,0,0,0,0,3,0,1,0,0,0,0,0,1
807,2021-01-07,Kaufland,place_221,2,2,1,0,1,0,0,0,1,2,0,0,0,0,0,0,1,0
808,2021-01-08,Kaufland,place_221,3,2,0,0,2,0,0,1,0,2,0,0,0,0,0,0,0,0
809,2021-01-09,Kaufland,place_221,3,3,0,0,1,1,0,0,1,3,0,1,0,0,1,0,0,0
810,2021-01-11,Kaufland,place_221,5,4,1,0,2,0,0,0,2,4,0,0,0,0,0,0,1,0
811,2021-01-12,Kaufland,place_221,2,2,0,1,2,0,0,0,0,2,0,0,0,0,0,0,0,0
812,2021-01-13,Kaufland,place_221,2,1,0,0,1,0,0,0,0,1,0,0,0,0,0,0,0,0
813,2021-01-15,Kaufland,place_221,2,2,0,0,1,0,0,1,1,2,0,0,0,0,0,0,1,0
814,2021-01-16,Kaufland,place_221,6,4,0,0,1,2,1,0,1,4,0,2,1,0,1,0,0,1
815,2021-01-18,Kaufland,place_221,1,1,0,0,0,0,0,0,1,1,0,0,0,0,0,0,0,0
816,2021-01-19,Kaufland,place_221,2,1,1,0,1,0,0,0,0,1,0,0,0,0,0,0,0,0
817,2021-01-20,Kaufland,place_221,1,1,0,0,1,0,0,0,0,1,0,0,0,0,0,0,0,0
818,2021-01-21,Kaufland,place_221,4,4,0,0,2,0,0,0,1,4,0,1,1,0,0,0,0,0
819,2021-01-02,Kaufland,place_223,4,4,0,0,3,0,0,1,0,4,1,1,0,0,0,0,0,0
820,2021-01-04,Kaufland,place_223,6,4,0,0,3,0,0,0,1,4,1,0,0,1,0,0,0,0
821,2021-01-05,Kaufland,place_223,4,4,0,0,1,0,0,0,0,4,0,3,2,1,0,0,0,0
822,2021-01-06,Kaufland,place_223,2,2,0,0,1,0,0,0,1,1,0,0,0,0,0,1,0,0
823,2021-01-07,Kaufland,place_223,5,3,0,0,3,0,0,0,0,3,0,0,0,0,0,0,0,0
824,2021-01-08,Kaufland,place_223,4,4,0,0,1,1,0,0,3,4,0,0,1,0,1,0,0,0
825,2021-01-09,Kaufland,place_223,3,3,0,0,2,1,0,0,1,3,0,0,0,0,1,0,0,1
826,2021-01-14,Kaufland,place_223,3,3,0,0,2,0,0,0,1,3,0,0,0,0,0,0,0,0
827,2021-01-15,Kaufland,place_223,2,2,0,0,2,0,0,0,0,2,0,0,0,0,0,0,0,0
828,2021-01-16,Kaufland,place_223,3,3,1,0,2,1,0,0,1,3,0,0,1,0,0,0,0,1
829,2021-01-18,Kaufland,place_223,1,1,0,1,1,0,0,0,0,1,0,0,1,0,0,0,0,0
830,2021-01-19,Kaufland,place_223,6,4,0,0,3,0,0,0,1,3,0,0,0,0,0,1,0,0
831,2021-01-20,Kaufland,place_223,1,1,0,0,1,0,0,1,0,1,0,0,0,0,0,0,0,0
832,2021-01-02,Kaufland,place_224,8,7,1,0,4,0,1,0,0,7,1,3,0,1,0,0,0,0
833,2021-01-04,Kaufland,place_224,3,3,0,0,2,0,0,0,1,3,0,0,0,0,0,0,0,2
834,2021-01-05,Kaufland,place_224,8,4,0,0,2,0,0,0,0,4,0,2,0,0,1,0,0,0
835,2021-01-06,Kaufland,place_224,6,3,0,0,1,0,0,0,1,3,0,1,0,0,0,0,0,0
836,2021-01-07,Kaufland,place_224,7,5,0,0,1,0,0,0,3,5,0,1,0,0,0,0,0,1
837,2021-01-09,Kaufland,place_224,1,1,0,0,1,0,0,0,0,1,1,0,0,0,0,0,0,0
838,2021-01-11,Kaufland,place_224,3,3,0,0,1,0,0,1,1,2,0,0,0,0,0,1,0,0
839,2021-01-12,Kaufland,place_224,5,5,0,0,1,0,0,0,4,5,0,0,0,0,0,0,0,0
840,2021-01-13,Kaufland,place_224,6,4,1,0,3,0,0,0,1,3,0,0,0,1,1,1,0,0
841,2021-01-14,Kaufland,place_224,6,5,0,1,1,0,0,0,1,4,0,3,0,0,1,1,1,2
842,2021-01-15,Kaufland,place_224,7,5,0,0,3,0,0,0,1,5,0,1,0,0,0,0,0,0
843,2021-01-16,Kaufland,place_224,4,3,0,0,3,0,0,0,0,3,0,0,0,0,0,0,1,0
844,2021-01-18,Kaufland,place_224,6,6,2,1,4,0,1,1,0,5,0,2,1,0,0,1,1,0
845,2021-01-19,Kaufland,place_224,3,3,0,0,2,0,0,0,0,2,0,1,1,0,1,1,0,0
846,2021-01-20,Kaufland,place_224,6,4,0,1,2,0,0,0,1,4,0,1,0,1,0,0,0,1
847,2021-01-21,Kaufland,place_224,5,5,1,0,2,0,0,0,0,4,0,2,0,1,0,1,0,0
848,2021-01-02,Kaufland,place_225,3,2,0,0,1,0,0,0,1,2,0,0,0,0,0,0,0,0
849,2021-01-04,Kaufland,place_225,6,3,0,0,2,0,0,0,1,3,0,0,0,0,0,0,0,0
850,2021-01-05,Kaufland,place_225,5,2,0,0,1,0,0,0,1,2,0,0,0,0,0,0,0,0
851,2021-01-06,Kaufland,place_225,11,4,0,0,2,0,0,0,2,4,0,0,0,0,0,0,0,0
852,2021-01-07,Kaufland,place_225,6,3,0,0,2,0,0,0,1,3,0,0,0,0,0,0,0,0
853,2021-01-08,Kaufland,place_225,6,4,0,0,3,0,0,0,1,4,0,0,0,0,0,0,0,1
854,2021-01-09,Kaufland,place_225,1,1,0,0,0,0,0,0,1,1,0,0,0,1,1,0,0,0
855,2021-01-11,Kaufland,place_225,1,1,1,0,0,0,0,0,0,1,0,1,0,0,0,0,0,1
856,2021-01-12,Kaufland,place_225,4,2,0,0,0,0,0,0,2,2,0,0,0,0,0,0,0,0
857,2021-01-13,Kaufland,place_225,3,2,0,0,0,0,0,0,1,2,0,1,0,0,0,0,0,0
858,2021-01-14,Kaufland,place_225,4,3,0,0,1,0,0,0,1,3,0,1,0,0,1,0,0,0
859,2021-01-15,Kaufland,place_225,5,4,0,0,1,0,0,0,2,4,0,1,2,0,0,0,0,0
860,2021-01-16,Kaufland,place_225,2,2,0,0,1,0,0,0,1,2,0,0,1,0,0,0,0,0
861,2021-01-18,Kaufland,place_225,3,3,0,0,2,0,0,0,1,3,1,0,0,0,0,0,0,0
862,2021-01-19,Kaufland,place_225,4,4,0,0,2,1,0,1,1,3,1,1,0,2,1,1,0,0
863,2021-01-20,Kaufland,place_225,1,1,0,0,0,0,0,0,0,1,1,1,0,0,0,0,0,0
864,2021-01-21,Kaufland,place_225,3,2,0,0,1,0,0,0,1,2,0,0,0,0,0,0,0,0
865,2021-01-02,Kaufland,place_226,4,3,0,0,2,0,0,0,1,3,1,0,0,0,0,0,0,1
866,2021-01-04,Kaufland,place_226,1,1,0,0,0,0,0,0,1,1,0,0,0,0,0,0,0,0
867,2021-01-05,Kaufland,place_226,1,1,0,0,0,0,0,0,1,1,0,0,0,0,0,0,0,0
868,2021-01-07,Kaufland,place_226,3,3,0,0,2,0,1,1,1,2,0,0,0,0,0,1,0,1
869,2021-01-08,Kaufland,place_226,3,3,0,0,2,0,0,1,1,3,0,0,0,0,1,0,0,0
870,2021-01-09,Kaufland,place_226,4,4,0,0,1,0,2,0,2,4,1,1,1,0,0,0,0,0
871,2021-01-11,Kaufland,place_226,3,3,0,0,1,0,0,0,1,3,0,1,0,0,0,0,0,0
872,2021-01-12,Kaufland,place_226,3,3,1,0,2,0,0,0,1,3,0,0,0,0,0,0,0,0
873,2021-01-14,Kaufland,place_226,4,4,0,0,2,0,1,0,1,4,0,1,1,0,0,0,0,1
874,2021-01-15,Kaufland,place_226,3,2,1,0,1,0,0,0,1,2,0,0,0,0,1,0,0,0
875,2021-01-16,Kaufland,place_226,2,2,0,0,2,0,0,0,0,2,1,0,0,0,0,0,0,0
876,2021-01-18,Kaufland,place_226,3,3,0,0,1,0,0,0,1,3,0,1,0,0,0,0,0,0
877,2021-01-19,Kaufland,place_226,3,3,0,1,1,0,0,0,0,3,1,2,0,0,0,0,0,0
878,2021-01-20,Kaufland,place_226,2,2,0,0,2,0,0,0,0,2,0,0,0,0,0,0,0,0
879,2021-01-21,Kaufland,place_226,4,4,0,0,1,0,0,0,2,4,0,1,0,0,0,0,0,0
880,2021-01-02,Kaufland,place_227,2,2,0,0,1,0,0,0,0,2,0,1,0,0,0,0,0,1
881,2021-01-04,Kaufland,place_227,1,1,0,0,1,0,0,0,0,1,0,0,0,0,0,0,0,0
882,2021-01-05,Kaufland,place_227,6,3,1,0,2,0,0,0,1,3,1,0,0,0,0,0,0,0
883,2021-01-06,Kaufland,place_227,4,3,0,0,3,0,0,1,0,3,0,0,0,0,0,0,0,0
884,2021-01-07,Kaufland,place_227,1,1,0,0,0,0,0,0,1,1,0,0,0,0,0,0,0,0
885,2021-01-08,Kaufland,place_227,13,9,1,0,5,0,0,0,1,8,2,3,0,0,0,1,1,0
886,2021-01-09,Kaufland,place_227,2,2,0,0,1,0,0,0,1,2,0,0,0,0,0,0,0,1
887,2021-01-11,Kaufland,place_227,2,2,1,1,0,0,0,0,1,2,1,1,0,0,0,0,0,0
888,2021-01-12,Kaufland,place_227,2,1,0,0,1,0,0,0,0,1,0,0,0,0,0,0,0,0
889,2021-01-13,Kaufland,place_227,10,5,0,0,2,0,0,0,2,5,0,1,0,0,0,0,0,1
890,2021-01-14,Kaufland,place_227,2,1,0,0,1,0,0,0,0,1,0,0,0,0,0,0,0,0
891,2021-01-15,Kaufland,place_227,8,5,0,0,3,0,1,0,1,4,0,1,0,0,0,1,0,0
892,2021-01-16,Kaufland,place_227,11,8,0,0,4,1,0,0,0,8,0,4,0,1,0,0,0,2
893,2021-01-18,Kaufland,place_227,3,2,0,0,1,0,0,0,1,2,0,0,0,0,0,0,0,0
894,2021-01-19,Kaufland,place_227,8,2,0,0,2,0,0,0,0,2,0,0,1,0,0,0,0,1
895,2021-01-20,Kaufland,place_227,5,3,0,0,2,0,1,0,0,3,0,1,0,0,0,0,0,0
896,2021-01-21,Kaufland,place_227,4,3,0,0,2,0,0,0,0,3,0,1,0,0,0,0,0,0
897,2021-01-13,McDonald's,place_23,1,1,0,0,0,0,0,0,1,1,0,0,0,0,0,0,0,0
898,2021-01-14,McDonald's,place_23,1,1,0,0,0,0,0,0,0,1,0,1,0,0,0,0,0,0
899,2021-01-15,McDonald's,place_23,2,1,0,0,0,0,0,0,1,1,0,0,1,0,0,0,0,1
900,2021-01-21,McDonald's,place_23,1,1,1,0,1,0,0,0,0,1,0,0,0,0,0,0,0,0
901,2021-01-06,Mercedes,place_232,2,1,0,0,1,0,1,0,0,1,0,0,0,0,0,0,0,0
902,2021-01-13,Mercedes,place_232,3,2,0,0,1,0,1,0,0,2,0,1,0,0,0,0,0,0
903,2021-01-20,Mercedes,place_232,4,1,0,0,1,0,1,0,0,1,0,0,0,0,0,0,0,0
904,2021-01-05,Mercedes,place_233,2,1,0,0,1,0,0,0,0,1,1,0,0,0,0,0,0,0
905,2021-01-20,Mercedes,place_233,1,1,0,0,1,1,0,0,0,0,0,0,0,0,0,1,0,0
906,2021-01-21,Mercedes,place_233,1,1,0,0,0,0,0,0,1,1,0,0,0,0,0,0,0,0
907,2021-01-02,Mercedes,place_234,1,1,0,0,1,0,0,0,0,1,0,0,0,0,0,0,0,0
908,2021-01-05,Mercedes,place_234,2,2,0,0,1,0,0,0,0,2,0,1,0,0,0,0,0,0
909,2021-01-14,Mercedes,place_234,1,1,1,0,1,0,0,0,0,1,0,0,0,0,0,0,0,0
910,2021-01-19,Mercedes,place_234,2,2,0,1,1,0,0,0,0,2,0,1,0,0,0,0,0,0
911,2021-01-13,Renault,place_237,1,1,0,0,1,0,1,0,0,1,0,0,0,0,0,0,0,0
912,2021-01-14,Renault,place_237,1,1,0,0,1,0,1,0,0,1,0,0,0,0,0,0,0,0
913,2021-01-18,Renault,place_237,1,1,0,0,1,0,1,0,0,1,0,0,0,0,0,0,0,0
914,2021-01-20,Renault,place_237,1,1,0,0,0,0,0,0,0,1,0,1,0,0,0,0,0,0
915,2021-01-21,Renault,place_237,2,1,0,0,1,0,1,0,0,1,0,0,0,0,0,0,0,0
916,2021-01-01,Renault,place_238,1,1,0,0,1,0,0,0,0,1,0,0,0,0,0,0,0,0
917,2021-01-05,Renault,place_238,1,1,0,0,0,0,0,0,1,1,0,0,0,0,0,0,0,1
918,2021-01-07,Renault,place_238,1,1,0,0,0,0,0,0,0,1,0,1,0,0,0,0,0,0
919,2021-01-11,Renault,place_238,1,1,0,0,0,0,0,0,1,1,0,0,0,0,0,0,0,1
920,2021-01-13,Renault,place_238,1,1,0,0,0,0,0,0,0,1,0,1,0,0,0,0,0,0
921,2021-01-15,Renault,place_238,1,1,0,0,0,0,0,0,0,1,0,1,0,0,0,0,0,0
922,2021-01-18,Renault,place_238,3,3,0,0,0,0,0,0,2,3,0,1,0,0,0,0,0,1
923,2021-01-19,Renault,place_238,2,1,0,0,0,0,0,0,1,1,0,0,0,0,0,0,0,1
924,2021-01-20,Renault,place_238,1,1,0,0,0,0,0,0,1,1,0,0,0,0,0,0,0,1
925,2021-01-08,Renault,place_241,1,1,0,0,1,0,0,0,0,1,0,0,0,0,0,0,0,0
926,2021-01-14,Renault,place_241,3,2,0,0,1,0,0,0,0,2,0,1,0,0,0,0,0,0
927,2021-01-05,Renault,place_244,1,1,0,0,0,0,0,0,1,1,0,0,0,0,0,0,0,0
928,2021-01-12,Renault,place_244,1,1,0,0,0,0,0,0,0,1,0,1,0,0,0,0,0,0
929,2021-01-04,Lexus,place_245,3,2,0,0,1,0,0,0,0,2,0,1,0,0,0,0,0,0
930,2021-01-06,Lexus,place_245,1,1,0,0,0,1,0,0,1,1,0,0,0,0,0,0,0,0
931,2021-01-07,Lexus,place_245,3,3,0,0,1,0,1,0,0,3,0,2,0,0,0,0,0,0
932,2021-01-12,Lexus,place_245,5,1,0,0,0,0,0,0,0,1,0,1,0,0,0,0,0,0
933,2021-01-13,Lexus,place_245,3,1,0,0,0,0,0,0,0,1,0,1,0,0,0,0,0,0
934,2021-01-14,Lexus,place_245,2,1,0,0,0,0,0,0,0,1,0,1,0,0,0,0,0,0
935,2021-01-15,Lexus,place_245,2,2,1,0,1,0,1,0,1,2,0,0,0,0,0,0,0,0
936,2021-01-18,Lexus,place_245,1,1,0,0,1,1,0,0,0,1,0,0,0,0,0,0,0,0
937,2021-01-19,Lexus,place_245,4,1,0,0,0,0,0,0,0,1,0,1,0,0,0,0,0,0
938,2021-01-21,Lexus,place_245,4,2,0,0,1,0,0,0,0,2,0,1,0,0,0,0,0,0
939,2021-01-01,McDonald's,place_25,2,2,1,0,1,0,0,0,0,2,0,1,0,0,0,0,0,0
940,2021-01-09,McDonald's,place_25,1,1,1,0,0,0,0,0,0,1,0,1,0,0,0,0,0,0
941,2021-01-10,McDonald's,place_25,1,1,0,0,1,0,0,0,0,1,0,0,0,0,0,0,0,0
942,2021-01-14,McDonald's,place_25,2,2,0,0,2,0,0,0,0,2,0,0,1,0,0,0,0,1
943,2021-01-01,McDonald's,place_26,1,1,0,0,1,0,0,0,0,1,0,0,0,0,0,0,0,0
944,2021-01-05,McDonald's,place_26,2,2,0,0,2,0,0,0,0,2,0,0,0,0,0,0,0,0
945,2021-01-09,McDonald's,place_26,1,1,0,0,1,0,0,0,0,1,0,0,0,0,0,0,0,0
946,2021-01-11,McDonald's,place_26,1,1,0,0,1,0,0,0,0,1,0,0,0,0,0,0,0,0
947,2021-01-15,McDonald's,place_26,1,1,0,0,1,0,0,0,0,1,0,0,0,0,1,0,0,0
948,2021-01-18,McDonald's,place_26,1,1,0,0,1,0,0,0,0,1,0,0,0,0,0,0,0,0
949,2021-01-04,McDonald's,place_27,1,1,0,0,1,0,0,0,0,1,0,0,0,1,0,0,0,0
950,2021-01-09,McDonald's,place_27,1,1,0,0,1,0,0,0,0,1,0,0,0,0,0,0,1,1
951,2021-01-01,McDonald's,place_28,1,1,0,0,0,0,0,0,0,1,0,1,1,1,0,0,0,0
952,2021-01-04,McDonald's,place_28,1,1,0,0,0,0,0,0,0,1,0,1,0,0,0,0,0,0
953,2021-01-05,McDonald's,place_28,2,2,0,0,1,0,0,0,1,2,0,0,1,0,0,0,0,0
954,2021-01-07,McDonald's,place_28,1,1,0,0,1,0,0,0,0,1,0,0,0,0,0,0,1,0
955,2021-01-11,McDonald's,place_28,1,1,0,0,1,0,0,0,0,1,0,0,0,0,0,0,1,0
956,2021-01-15,McDonald's,place_28,1,1,0,0,1,0,0,0,0,1,0,0,0,0,0,0,0,0
957,2021-01-18,McDonald's,place_28,1,1,0,0,1,0,0,0,0,1,0,0,1,0,0,0,0,0
958,2021-01-21,McDonald's,place_28,1,1,0,0,0,1,0,0,0,1,0,1,0,0,0,0,0,0
959,2021-01-01,McDonald's,place_29,1,1,0,0,1,0,0,1,0,1,0,0,0,1,0,0,0,0
960,2021-01-06,McDonald's,place_29,1,1,0,0,1,0,0,0,0,1,0,0,0,0,0,0,0,1
961,2021-01-13,McDonald's,place_29,3,2,0,0,0,0,0,0,1,1,0,1,0,0,1,1,0,0
962,2021-01-15,McDonald's,place_29,1,1,0,0,1,0,0,0,0,1,0,0,0,0,0,0,0,0
963,2021-01-20,McDonald's,place_29,1,1,0,0,1,0,0,0,0,1,0,0,0,0,0,0,0,0
964,2021-01-21,McDonald's,place_29,1,1,0,0,1,0,0,0,0,0,0,0,0,0,0,1,0,0
965,2021-01-01,McDonald's,place_3,2,1,0,0,0,1,0,0,1,1,0,0,0,0,0,0,0,0
966,2021-01-02,McDonald's,place_3,2,1,1,0,1,0,0,0,0,1,0,0,0,0,0,0,0,0
967,2021-01-06,McDonald's,place_3,1,1,0,0,1,0,0,0,0,1,0,0,0,0,0,0,0,0
968,2021-01-08,McDonald's,place_3,5,3,1,0,3,0,1,0,0,2,0,0,1,0,0,1,0,0
969,2021-01-09,McDonald's,place_3,1,1,0,1,0,0,0,0,0,1,0,1,0,0,0,0,0,1
970,2021-01-15,McDonald's,place_3,5,1,1,0,1,0,0,0,0,1,0,0,0,0,0,0,0,0
971,2021-01-17,McDonald's,place_3,2,1,1,0,1,0,0,0,0,1,0,0,0,0,0,0,0,0
972,2021-01-20,McDonald's,place_3,1,1,0,0,0,0,0,0,0,1,0,1,1,0,0,0,0,0
973,2021-01-21,McDonald's,place_3,1,1,0,0,1,0,0,0,0,1,0,0,0,0,0,0,0,1
974,2021-01-01,McDonald's,place_31,3,2,0,0,1,0,0,0,1,2,0,0,0,0,0,0,0,0
975,2021-01-13,McDonald's,place_31,1,1,0,0,1,0,1,0,0,1,1,0,0,0,0,0,0,1
976,2021-01-18,McDonald's,place_31,1,1,0,0,0,0,0,0,0,1,0,1,0,0,0,0,0,0
977,2021-01-19,McDonald's,place_31,1,1,0,0,0,0,0,0,1,1,0,0,0,0,0,0,0,0
978,2021-01-09,McDonald's,place_32,2,1,0,0,1,0,0,0,0,1,0,0,0,1,0,0,0,0
979,2021-01-11,McDonald's,place_32,3,3,0,0,2,0,0,0,0,3,0,1,0,0,0,0,0,0
980,2021-01-15,McDonald's,place_32,1,1,0,0,0,0,0,0,0,1,0,1,0,0,0,0,0,0
981,2021-01-02,McDonald's,place_33,1,1,0,0,0,0,0,0,0,1,0,1,0,0,0,0,0,0
982,2021-01-04,McDonald's,place_33,1,1,0,0,1,0,0,0,0,1,0,0,0,0,0,0,0,0
983,2021-01-05,McDonald's,place_33,1,1,0,0,1,0,0,0,0,1,0,0,0,1,0,0,0,0
984,2021-01-12,McDonald's,place_33,1,1,0,0,1,0,0,0,0,1,0,0,1,0,0,0,0,0
985,2021-01-13,McDonald's,place_33,1,1,0,0,0,0,0,0,1,1,0,0,0,0,0,0,0,0
986,2021-01-14,McDonald's,place_33,1,1,0,0,1,0,1,0,0,1,1,0,0,0,0,0,0,1
987,2021-01-15,McDonald's,place_33,1,1,0,0,0,0,0,0,0,0,0,1,0,1,0,1,0,0
988,2021-01-04,Burger King,place_35,1,1,0,0,0,0,0,0,0,1,0,1,0,0,0,0,0,0
989,2021-01-08,Burger King,place_35,1,1,1,0,0,0,0,0,0,1,0,1,0,0,0,0,0,0
990,2021-01-14,Burger King,place_35,1,1,0,0,1,0,0,0,0,0,0,0,0,0,0,1,0,0
991,2021-01-19,Burger King,place_35,1,1,0,0,1,0,0,0,0,0,0,0,0,0,0,1,0,0
992,2021-01-18,Burger King,place_37,3,3,1,0,1,1,0,0,1,2,0,1,1,0,0,1,0,0
993,2021-01-02,Burger King,place_38,1,1,0,0,1,0,0,0,0,1,0,0,0,0,0,0,0,0
994,2021-01-04,Burger King,place_38,1,1,0,0,0,0,0,0,1,1,0,0,0,0,0,0,0,0
995,2021-01-13,Burger King,place_38,2,2,0,0,2,0,0,0,0,1,0,0,0,0,0,1,0,0
996,2021-01-15,Burger King,place_38,2,1,0,0,1,0,0,0,0,0,0,0,0,0,0,1,0,0
997,2021-01-16,Burger King,place_38,6,2,0,0,1,0,0,0,0,2,0,1,1,0,0,0,0,0
998,2021-01-17,Burger King,place_38,1,1,0,1,1,0,0,0,0,1,0,0,0,1,0,0,0,0
999,2021-01-19,Burger King,place_38,1,1,0,0,1,0,0,0,0,0,0,0,0,0,0,1,0,0
1000,2021-01-04,McDonald's,place_4,2,2,2,0,2,1,0,0,0,2,0,0,1,0,0,0,0,0
1001,2021-01-05,McDonald's,place_4,2,1,0,0,1,0,0,0,0,1,0,0,0,1,0,0,0,0
1002,2021-01-06,McDonald's,place_4,3,1,0,0,1,0,0,0,0,1,0,0,0,1,0,0,0,0
1003,2021-01-11,McDonald's,place_4,1,1,0,0,1,0,0,0,0,1,0,0,0,0,0,0,0,0
1004,2021-01-14,McDonald's,place_4,3,1,0,0,1,0,0,0,0,1,0,0,0,0,0,0,0,0
1005,2021-01-18,McDonald's,place_4,2,1,0,0,1,1,0,0,0,0,0,0,0,0,0,1,0,0
1006,2021-01-21,McDonald's,place_4,4,1,0,0,1,0,0,0,0,1,0,0,0,1,0,0,0,0
1007,2021-01-03,Burger King,place_40,1,1,1,0,1,0,0,0,0,1,0,0,0,1,1,0,0,0
1008,2021-01-05,Burger King,place_40,1,1,0,0,0,0,0,0,0,1,0,1,0,0,1,0,0,0
1009,2021-01-08,Burger King,place_40,2,1,0,0,0,0,0,0,0,1,0,1,0,0,0,0,0,0
1010,2021-01-09,Burger King,place_40,1,1,0,0,1,0,0,0,0,1,0,0,0,0,0,0,0,0
1011,2021-01-10,Burger King,place_40,1,1,0,0,0,0,0,0,0,1,0,1,0,0,0,0,0,0
1012,2021-01-16,Burger King,place_40,3,2,0,0,1,0,0,0,0,1,0,1,0,0,0,1,1,0
1013,2021-01-03,Burger King,place_41,1,1,1,0,0,0,1,0,1,1,0,0,0,0,0,0,0,0
1014,2021-01-21,Burger King,place_41,1,1,0,0,1,0,0,0,0,1,0,0,0,0,0,0,0,0
1015,2021-01-01,Burger King,place_42,4,1,0,0,0,1,0,0,1,1,0,0,0,0,0,0,0,0
1016,2021-01-01,Burger King,place_43,1,1,0,0,1,0,0,0,0,1,0,0,0,0,0,0,0,0
1017,2021-01-16,Burger King,place_43,1,1,0,0,1,0,0,0,0,1,1,0,0,0,0,0,0,0
1018,2021-01-12,Burger King,place_45,1,1,0,0,0,0,0,0,0,1,0,1,0,0,0,0,0,1
1019,2021-01-06,Burger King,place_48,1,1,0,0,0,0,0,0,0,1,0,1,0,0,0,0,0,0
1020,2021-01-07,Burger King,place_48,1,1,0,0,0,0,0,0,1,1,0,0,0,0,0,0,0,0
1021,2021-01-10,Burger King,place_48,1,1,0,0,1,0,0,0,0,1,0,0,0,0,0,0,0,0
1022,2021-01-12,Burger King,place_48,1,1,0,0,1,0,0,0,0,0,0,0,0,0,0,1,0,0
1023,2021-01-13,Burger King,place_49,1,1,0,0,1,0,0,0,0,1,0,0,0,0,0,0,0,0
1024,2021-01-14,Burger King,place_49,1,1,0,0,1,0,0,0,0,1,0,0,0,1,0,0,0,0
1025,2021-01-20,Burger King,place_49,1,1,0,0,1,0,0,0,0,1,0,0,0,0,0,0,1,0
1026,2021-01-05,McDonald's,place_5,1,1,0,0,1,0,0,0,0,1,1,0,0,0,0,0,0,0
1027,2021-01-06,McDonald's,place_5,1,1,0,0,0,0,0,0,0,1,0,1,0,1,1,0,0,0
1028,2021-01-07,McDonald's,place_5,2,1,0,0,0,0,0,0,1,1,0,0,0,0,0,0,0,0
1029,2021-01-11,McDonald's,place_5,1,1,0,0,1,0,0,0,0,1,0,0,0,0,0,0,0,1
1030,2021-01-15,McDonald's,place_5,1,1,0,0,0,0,0,0,0,0,0,1,0,0,1,1,0,0
1031,2021-01-01,Burger King,place_50,1,1,0,0,1,0,0,0,0,1,0,0,0,0,0,0,0,1
1032,2021-01-06,Burger King,place_50,1,1,0,0,0,0,0,0,1,1,1,0,0,0,0,0,0,0
1033,2021-01-15,Burger King,place_50,1,1,1,0,0,0,0,0,0,1,0,1,0,0,0,0,0,0
1034,2021-01-20,Subway,place_52,1,1,0,0,1,0,0,0,0,0,0,0,0,0,0,1,0,0
1035,2021-01-04,Subway,place_53,1,1,0,0,1,0,0,0,0,1,0,0,0,0,0,0,0,0
1036,2021-01-04,Aldi,place_54,1,1,0,0,1,0,0,0,0,1,1,0,0,0,0,0,0,0
1037,2021-01-08,Aldi,place_54,1,1,0,0,1,0,0,0,0,1,0,0,0,0,0,0,0,0
1038,2021-01-21,Aldi,place_54,1,1,0,0,0,0,0,0,0,1,0,1,1,0,0,0,0,0
1039,2021-01-15,Aldi,place_55,2,2,0,0,1,0,0,0,0,2,0,1,1,0,0,0,0,0
1040,2021-01-02,Aldi,place_58,1,1,0,0,0,0,0,0,1,1,0,0,0,0,1,0,0,0
1041,2021-01-04,Aldi,place_58,2,2,0,0,2,0,0,1,0,2,0,0,0,0,0,0,0,0
1042,2021-01-06,Aldi,place_58,2,1,0,0,1,0,0,0,0,1,0,0,0,0,0,0,0,0
1043,2021-01-07,Aldi,place_58,2,2,0,0,1,0,0,0,1,2,0,0,0,0,1,0,0,0
1044,2021-01-11,Aldi,place_58,1,1,0,0,1,0,0,0,0,1,0,0,0,0,0,0,1,0
1045,2021-01-15,Aldi,place_58,2,2,0,0,1,0,0,0,0,1,0,1,0,1,0,1,0,0
1046,2021-01-04,McDonald's,place_6,1,1,0,0,1,0,0,0,0,1,0,0,0,0,0,0,1,0
1047,2021-01-12,McDonald's,place_6,1,1,0,1,0,0,1,0,0,0,0,0,1,0,0,1,0,0
1048,2021-01-14,McDonald's,place_6,1,1,0,0,1,1,0,0,0,1,0,0,0,0,0,0,0,0
1049,2021-01-06,Aldi,place_60,2,1,0,0,1,0,0,0,0,1,0,0,0,0,1,0,0,0
1050,2021-01-11,Aldi,place_60,2,2,0,1,2,0,0,0,0,2,0,0,0,0,1,0,0,0
1051,2021-01-12,Aldi,place_60,1,1,1,0,0,0,0,0,1,1,0,0,1,0,0,0,0,0
1052,2021-01-13,Aldi,place_60,1,1,0,0,1,0,0,0,0,1,0,0,0,0,1,0,0,0
1053,2021-01-14,Aldi,place_60,2,2,0,0,1,0,0,0,0,2,0,1,1,0,1,0,0,0
1054,2021-01-21,Aldi,place_60,3,2,0,0,2,0,0,0,0,2,0,0,0,0,2,0,0,0
1055,2021-01-07,Aldi,place_61,2,2,1,0,2,0,0,0,0,2,0,0,1,0,0,0,0,1
1056,2021-01-08,Aldi,place_61,1,1,0,0,0,0,0,0,0,1,1,1,0,0,0,0,0,0
1057,2021-01-19,Aldi,place_61,1,1,0,0,1,0,1,0,0,1,0,0,0,0,0,0,0,0
1058,2021-01-02,Aldi,place_62,1,1,0,0,0,0,0,0,0,1,0,1,0,0,0,0,0,1
1059,2021-01-04,Aldi,place_62,1,1,0,0,1,0,0,0,0,1,0,0,0,0,0,0,0,1
1060,2021-01-07,Aldi,place_62,3,2,0,0,1,0,0,0,0,2,0,1,0,0,0,0,0,0
1061,2021-01-09,Aldi,place_62,2,1,0,0,1,0,0,0,0,1,0,0,0,0,0,0,0,0
1062,2021-01-12,Aldi,place_62,2,1,0,0,1,0,0,0,0,1,0,0,0,0,0,0,0,0
1063,2021-01-18,Aldi,place_62,1,1,0,0,1,0,0,0,0,1,0,0,0,0,0,0,1,1
1064,2021-01-21,Aldi,place_62,8,1,0,0,0,0,0,0,0,1,0,1,0,0,0,0,0,0
1065,2021-01-01,Aldi,place_64,1,1,0,0,0,0,0,0,0,1,0,1,0,0,0,0,0,0
1066,2021-01-04,Aldi,place_64,1,1,0,0,0,0,0,0,1,1,0,0,1,0,0,0,0,0
1067,2021-01-14,Aldi,place_64,1,1,0,0,1,0,0,1,0,1,0,0,0,0,0,0,0,0
1068,2021-01-15,Aldi,place_64,1,1,0,0,1,1,0,0,0,0,0,0,0,0,0,1,0,0
1069,2021-01-14,Aldi,place_65,1,1,0,0,0,0,0,0,1,1,0,0,0,0,0,0,0,0
1070,2021-01-06,Aldi,place_66,1,1,0,0,1,0,0,0,0,1,0,0,0,0,0,0,0,0
1071,2021-01-02,Aldi,place_67,1,1,0,0,1,1,0,0,0,1,0,0,0,0,0,0,0,0
1072,2021-01-04,Aldi,place_67,1,1,1,0,1,0,0,0,0,1,0,0,0,0,0,0,0,0
1073,2021-01-14,Aldi,place_68,2,1,0,1,1,0,0,0,0,1,1,0,0,0,0,0,0,1
1074,2021-01-04,Aldi,place_69,1,1,0,0,0,1,0,0,0,1,0,1,0,0,0,0,0,0
1075,2021-01-18,Aldi,place_69,1,1,0,0,1,0,0,0,0,1,0,0,0,0,0,0,0,1
1076,2021-01-04,Aldi,place_70,1,1,0,0,1,0,0,0,0,1,0,0,0,0,0,0,0,0
1077,2021-01-05,Aldi,place_70,1,1,0,0,0,0,0,0,0,1,0,1,0,0,0,0,0,0
1078,2021-01-12,Aldi,place_70,1,1,0,0,1,0,1,0,0,1,0,0,0,0,0,0,0,0
1079,2021-01-14,Aldi,place_70,1,1,0,0,1,0,0,0,0,1,0,0,0,0,0,0,0,0
1080,2021-01-15,Aldi,place_70,1,1,0,0,1,0,0,0,0,1,0,0,0,0,0,0,0,0
1081,2021-01-19,Aldi,place_71,1,1,0,0,1,0,0,0,0,1,0,0,0,0,0,0,0,0
1082,2021-01-21,Aldi,place_71,2,1,0,0,1,0,1,0,0,1,1,0,0,0,0,0,0,0
1083,2021-01-15,Aldi,place_72,2,2,0,0,0,0,0,0,2,2,0,0,0,0,0,0,0,0
1084,2021-01-07,Aldi,place_73,1,1,0,0,1,0,0,0,0,1,0,0,0,0,0,0,1,0
1085,2021-01-06,Aldi,place_74,1,1,0,0,1,0,0,0,0,1,0,0,0,0,0,0,0,0
1086,2021-01-21,Aldi,place_74,1,1,0,0,0,0,0,0,0,1,0,1,0,0,0,0,0,0
1087,2021-01-04,Aldi,place_75,1,1,0,0,1,0,0,0,0,1,0,0,0,0,0,0,0,0
1088,2021-01-21,Aldi,place_75,1,1,0,0,1,0,0,0,0,1,0,0,1,0,0,0,0,0
1089,2021-01-08,Aldi,place_77,1,1,0,0,1,0,0,0,0,1,0,0,0,0,0,0,0,1
1090,2021-01-09,Aldi,place_77,1,1,0,0,0,0,0,0,0,1,0,1,0,0,0,0,0,0
1091,2021-01-13,Aldi,place_77,1,1,0,0,1,0,0,0,0,1,0,0,0,0,0,0,0,0
1092,2021-01-15,Aldi,place_77,1,1,0,0,0,0,0,0,0,1,0,1,0,0,0,0,0,0
1093,2021-01-16,Aldi,place_77,2,1,0,0,1,0,1,0,0,1,1,0,0,0,0,0,0,0
1094,2021-01-21,Aldi,place_77,2,1,0,0,1,0,0,0,0,1,0,0,0,0,0,0,0,0
1095,2021-01-21,Aldi,place_78,1,1,0,0,0,1,0,0,0,1,0,1,0,0,0,0,0,0
1096,2021-01-02,Aldi,place_79,2,1,0,0,1,0,0,0,0,1,0,0,0,0,0,0,1,0
1097,2021-01-03,Aldi,place_79,1,1,0,0,1,0,0,0,0,1,0,0,0,0,0,0,1,0
1098,2021-01-04,Aldi,place_79,1,1,0,0,1,0,0,0,0,1,0,0,0,0,0,0,1,0
1099,2021-01-05,Aldi,place_79,1,1,0,0,1,0,0,0,0,1,0,0,0,0,0,0,1,0
1100,2021-01-07,Aldi,place_79,1,1,0,0,1,0,0,0,0,1,0,0,0,0,0,0,1,0
1101,2021-01-08,Aldi,place_79,1,1,0,0,1,0,0,0,0,1,0,0,0,0,0,0,1,0
1102,2021-01-09,Aldi,place_79,1,1,0,0,1,1,0,0,0,1,0,0,0,0,0,0,0,0
1103,2021-01-10,Aldi,place_79,5,2,0,0,2,0,0,0,0,2,0,0,0,0,0,0,1,0
1104,2021-01-11,Aldi,place_79,2,1,0,0,1,0,0,0,0,0,0,0,0,0,0,1,1,1
1105,2021-01-12,Aldi,place_79,2,2,0,0,2,0,0,0,0,2,0,0,0,0,0,0,1,0
1106,2021-01-13,Aldi,place_79,4,1,0,0,1,0,0,0,0,1,0,0,0,0,0,0,0,0
1107,2021-01-14,Aldi,place_79,2,1,0,0,1,0,0,0,0,1,0,0,0,0,0,0,1,0
1108,2021-01-17,Aldi,place_79,2,1,0,0,1,0,0,0,0,1,0,0,0,0,0,0,1,0
1109,2021-01-19,Aldi,place_79,1,1,0,0,1,0,0,0,0,1,0,0,0,0,0,0,1,0
1110,2021-01-20,Aldi,place_79,1,1,0,0,1,0,0,0,0,1,0,0,0,0,0,0,0,0
1111,2021-01-21,Aldi,place_79,1,1,0,0,1,1,0,0,0,1,0,0,0,0,0,0,0,0
1112,2021-01-02,McDonald's,place_8,1,1,0,0,1,0,0,0,0,1,0,0,0,0,0,0,0,0
1113,2021-01-08,McDonald's,place_8,1,1,1,0,1,0,0,0,0,1,0,0,0,0,0,0,0,0
1114,2021-01-09,McDonald's,place_8,2,1,0,0,1,0,1,0,0,1,0,0,0,1,0,0,0,0
1115,2021-01-17,McDonald's,place_8,3,1,0,0,1,0,0,0,0,1,0,0,0,0,0,0,0,0
1116,2021-01-18,McDonald's,place_8,2,1,0,0,1,0,0,0,0,1,0,0,0,0,0,0,0,0
1117,2021-01-19,McDonald's,place_8,2,1,0,0,1,0,0,0,0,1,0,0,0,0,0,0,0,0
1118,2021-01-20,McDonald's,place_8,2,2,0,0,2,0,0,0,0,2,0,0,0,0,0,0,0,0
1119,2021-01-21,McDonald's,place_8,1,1,0,0,1,0,0,0,0,1,0,0,0,0,0,0,0,0
1120,2021-01-06,Aldi,place_80,1,1,0,0,0,0,0,0,1,1,0,0,0,0,0,0,0,0
1121,2021-01-08,Aldi,place_80,1,1,0,0,1,0,0,0,0,1,0,0,0,0,0,0,0,0
1122,2021-01-14,Aldi,place_80,1,1,0,0,1,0,0,0,0,1,0,0,0,0,0,0,0,0
1123,2021-01-15,Aldi,place_80,1,1,0,0,0,0,0,0,1,1,0,0,0,0,0,0,0,0
1124,2021-01-02,Aldi,place_81,1,1,1,0,1,0,0,0,0,1,1,0,0,0,1,0,0,0
1125,2021-01-15,Aldi,place_81,1,1,0,0,0,0,0,0,1,1,1,0,0,0,0,0,0,0
1126,2021-01-16,Aldi,place_81,1,1,0,0,1,0,0,0,0,1,0,0,0,0,0,0,0,0
1127,2021-01-18,Aldi,place_81,3,1,0,0,0,0,0,0,0,1,0,1,0,0,0,0,0,0
1128,2021-01-19,Aldi,place_81,1,1,0,1,1,0,0,0,0,1,0,0,0,0,0,0,0,0
1129,2021-01-21,Aldi,place_81,3,2,0,1,1,0,0,0,1,2,0,0,0,0,1,0,0,0
1130,2021-01-07,Aldi,place_82,2,2,0,0,2,0,0,0,0,2,0,0,0,0,0,0,0,0
1131,2021-01-08,Aldi,place_82,1,1,0,0,1,0,0,0,0,1,0,0,0,0,0,0,0,0
1132,2021-01-09,Aldi,place_82,5,2,0,1,1,0,0,0,0,2,0,1,0,0,0,0,0,0
1133,2021-01-18,Aldi,place_82,1,1,0,0,0,0,0,0,0,1,0,1,0,0,0,0,0,0
1134,2021-01-02,Aldi,place_83,2,1,0,0,1,1,0,0,0,1,0,0,0,0,0,0,0,0
1135,2021-01-08,Aldi,place_83,1,1,0,0,1,0,0,0,0,1,0,0,0,0,0,0,0,0
1136,2021-01-09,Aldi,place_83,1,1,0,0,1,0,0,0,0,1,0,0,0,0,0,0,1,0
1137,2021-01-12,Aldi,place_83,1,1,1,0,1,0,0,0,0,1,0,0,0,0,0,0,0,0
1138,2021-01-14,Aldi,place_83,1,1,0,0,1,0,0,0,0,1,1,0,0,0,0,0,0,0
1139,2021-01-15,Aldi,place_83,1,1,0,0,1,0,0,1,0,1,0,0,0,0,0,0,0,0
1140,2021-01-16,Aldi,place_83,1,1,0,0,1,0,0,0,0,1,0,0,0,0,0,0,0,0
1141,2021-01-20,Aldi,place_83,2,1,0,0,0,1,0,0,0,1,0,1,0,0,1,0,0,0
1142,2021-01-02,Aldi,place_84,2,1,0,0,1,0,0,0,0,1,0,0,0,0,0,0,0,0
1143,2021-01-06,Aldi,place_84,1,1,0,0,1,0,0,0,0,1,0,0,0,0,0,0,0,0
1144,2021-01-13,Aldi,place_84,1,1,0,0,1,0,0,0,0,1,0,0,0,0,0,0,0,0
1145,2021-01-14,Aldi,place_84,1,1,0,0,1,0,0,0,0,1,0,0,0,0,0,0,0,0
1146,2021-01-15,Aldi,place_84,1,1,0,0,1,0,0,0,0,1,0,0,1,0,0,0,0,0
1147,2021-01-04,Aldi,place_85,1,1,0,0,1,0,0,0,0,1,0,0,0,0,0,0,0,1
1148,2021-01-11,Aldi,place_85,4,1,0,0,1,0,0,0,0,1,0,0,0,0,0,0,1,0
1149,2021-01-16,Aldi,place_85,1,1,0,0,1,0,0,0,0,1,0,0,0,0,0,0,1,0
1150,2021-01-20,Aldi,place_85,3,2,0,0,1,0,0,0,1,2,0,0,1,0,0,0,0,0
1151,2021-01-09,Aldi,place_86,1,1,0,0,0,0,0,0,0,1,0,1,0,0,0,0,0,0
1152,2021-01-21,Aldi,place_86,1,1,0,0,0,0,0,0,1,1,0,0,0,0,0,0,0,0
1153,2021-01-04,Aldi,place_87,1,1,0,0,0,0,0,0,1,1,0,0,0,0,0,0,0,0
1154,2021-01-05,Aldi,place_87,1,1,0,0,0,0,0,0,1,1,0,0,0,0,0,0,0,0
1155,2021-01-06,Aldi,place_87,2,2,1,0,0,0,0,0,1,2,0,1,0,0,0,0,0,0
1156,2021-01-16,Aldi,place_87,1,1,1,0,0,0,0,0,0,1,0,1,0,0,0,0,0,0
1157,2021-01-15,Aldi,place_88,1,1,0,0,0,0,1,0,0,1,0,1,0,0,0,0,0,0
1158,2021-01-16,Aldi,place_88,1,1,0,0,1,0,0,0,0,1,0,0,0,0,0,0,0,0
1159,2021-01-05,Aldi,place_89,1,1,0,0,1,0,0,0,0,1,0,0,0,0,0,0,0,0
1160,2021-01-07,Aldi,place_89,2,1,0,0,1,0,0,0,0,1,0,0,0,0,0,0,0,0
1161,2021-01-09,Aldi,place_89,1,1,0,0,1,0,0,0,0,1,0,0,0,0,1,0,0,0
1162,2021-01-15,Aldi,place_89,1,1,0,0,1,0,0,0,0,1,0,0,0,0,0,0,1,0
1163,2021-01-16,Aldi,place_89,3,1,0,0,1,0,0,0,0,1,0,0,0,0,1,0,0,0
1164,2021-01-18,Aldi,place_89,5,2,0,0,2,0,0,0,0,2,0,0,1,0,0,0,0,0
1165,2021-01-02,Aldi,place_90,1,1,0,0,0,0,0,0,0,1,0,1,0,0,0,0,0,0
1166,2021-01-21,Aldi,place_90,2,1,0,0,0,0,0,0,0,1,0,1,0,0,0,0,0,0
1167,2021-01-07,Aldi,place_91,1,1,0,0,1,0,0,0,0,1,0,0,0,0,0,0,0,0
1168,2021-01-11,Aldi,place_91,1,1,0,0,1,0,0,0,0,1,0,0,0,1,0,0,0,0
1169,2021-01-12,Aldi,place_91,1,1,0,0,0,0,0,0,0,1,0,1,0,0,0,0,0,1
1170,2021-01-15,Aldi,place_91,2,2,1,0,2,0,0,0,0,2,0,0,0,0,0,0,0,0
1171,2021-01-02,Aldi,place_92,1,1,0,0,0,0,0,0,1,1,0,0,0,0,0,0,0,1
1172,2021-01-08,Aldi,place_92,2,2,0,0,0,0,0,1,1,2,0,1,0,0,1,0,0,0
1173,2021-01-04,Aldi,place_93,1,1,0,0,0,0,0,0,0,1,0,1,0,0,0,0,0,0
1174,2021-01-14,Aldi,place_93,2,1,1,0,0,0,0,0,0,1,0,1,0,0,0,0,0,0
1175,2021-01-16,Aldi,place_93,1,1,0,0,1,0,0,0,0,1,0,0,0,0,0,0,0,1
1176,2021-01-21,Aldi,place_93,1,1,0,0,1,0,0,0,0,1,0,0,0,1,0,0,0,0
1177,2021-01-02,Aldi,place_95,1,1,0,1,0,1,0,0,1,1,0,0,0,0,0,0,0,0
1178,2021-01-02,Aldi,place_96,1,1,0,0,0,0,0,0,1,1,0,0,0,0,0,0,0,0
1179,2021-01-04,Aldi,place_96,1,1,0,0,1,0,0,0,0,1,1,0,0,0,0,0,0,0
1180,2021-01-14,Aldi,place_96,1,1,0,0,1,0,0,0,0,1,0,0,0,0,0,0,0,0
1181,2021-01-15,Aldi,place_96,2,2,0,0,2,0,0,0,0,2,0,0,0,0,0,0,0,0
1182,2021-01-18,Aldi,place_96,1,1,0,0,1,0,0,0,0,1,1,0,0,0,0,0,0,0
1183,2021-01-21,Aldi,place_96,1,1,0,0,1,0,0,0,0,1,0,0,0,0,0,0,0,0
1184,2021-01-07,Aldi,place_97,2,1,0,0,0,0,0,0,0,1,0,1,0,0,0,0,0,0
1185,2021-01-18,Aldi,place_97,4,2,0,0,1,0,0,0,1,2,0,0,0,0,1,0,0,0
1186,2021-01-21,Aldi,place_97,3,1,0,0,1,0,0,1,0,1,1,0,0,0,0,0,0,0
1187,2021-01-02,Aldi,place_98,1,1,0,0,1,0,0,0,0,1,0,0,0,0,0,0,0,0
1188,2021-01-03,Aldi,place_98,1,1,0,0,0,0,0,0,0,1,0,1,0,0,0,0,0,0
1189,2021-01-04,Aldi,place_98,2,2,0,0,2,0,0,0,0,2,0,0,0,0,0,0,0,0
1190,2021-01-08,Aldi,place_98,1,1,0,0,1,0,0,0,0,0,0,0,0,0,0,1,0,0
1191,2021-01-09,Aldi,place_98,1,1,0,0,1,0,0,0,0,1,0,0,0,0,0,0,0,0
1192,2021-01-12,Aldi,place_98,1,1,0,0,0,0,0,0,1,1,0,0,0,0,0,0,0,0
1193,2021-01-15,Aldi,place_98,1,1,0,0,0,0,0,0,1,1,0,0,0,0,0,0,0,0
1194,2021-01-21,Aldi,place_98,1,1,0,0,1,0,0,0,0,1,0,0,0,0,0,0,0,0
1195,2021-01-04,Aldi,place_99,1,1,0,0,1,0,0,0,0,1,0,0,0,0,0,0,0,0
1196,2021-01-18,Aldi,place_99,2,2,0,0,2,0,0,1,0,2,0,0,0,0,0,0,0,0
1197,2021-01-19,Aldi,place_99,1,1,0,0,0,0,0,0,0,1,0,1,0,0,0,0,0,0
1198,2021-01-21,Aldi,place_99,4,3,0,0,2,1,0,1,0,3,0,1,0,0,0,0,0,0
